,Equity Name,Trade,Entry Time,Entry Price,Exit Time,Exit Price,Quantity,Position Size,PNL,% PNL,Exit Type,Holding Period
0,AAPL,Long Closed,1981-01-14,0.14,1981-02-04,0.13,365713.0,49999.917,-3657.13,-7.314,Exit Trigger,21 days
1,AAPL,Long Closed,1981-04-14,0.12,1981-07-08,0.12,401793.0,49999.926,0.0,0.0,Exit Trigger,85 days
2,AAPL,Long Closed,1981-10-30,0.09,1981-12-14,0.08,559998.0,49999.981,-5599.98,-11.2,Exit Trigger,45 days
3,AAPL,Long Closed,1981-12-21,0.1,1982-02-02,0.09,509092.0,49999.962,-5090.92,-10.182,Exit Trigger,43 days
4,AAPL,Long Closed,1982-08-06,0.06,1983-01-07,0.13,905042.0,49999.95,63352.94,126.706,Exit Trigger,154 days
5,AAPL,Long Closed,1983-01-19,0.15,1983-04-04,0.19,335579.0,49999.927,13423.16,26.846,Exit Trigger,75 days
6,AAPL,Long Closed,1983-04-27,0.22,1983-07-06,0.21,224000.0,49999.936,-2240.0,-4.48,Exit Trigger,70 days
7,AAPL,Long Closed,1983-12-15,0.1,1984-02-21,0.11,479142.0,49999.907,4791.42,9.583,Exit Trigger,68 days
8,AAPL,Long Closed,1984-03-15,0.12,1984-04-10,0.11,420655.0,49999.896,-4206.55,-8.413,Exit Trigger,26 days
9,AAPL,Long Closed,1984-05-01,0.14,1984-06-20,0.13,352756.0,49999.986,-3527.56,-7.055,Exit Trigger,50 days
10,AAPL,Long Closed,1984-08-17,0.13,1984-09-24,0.12,398222.0,49999.959,-3982.22,-7.964,Exit Trigger,38 days
11,AAPL,Long Closed,1984-12-14,0.11,1985-02-27,0.12,434952.0,49999.907,4349.52,8.699,Exit Trigger,75 days
12,AAPL,Long Closed,1985-07-24,0.07,1985-07-29,0.07,678785.0,49999.982,0.0,0.0,Exit Trigger,5 days
13,AAPL,Long Closed,1985-07-31,0.07,1985-08-07,0.07,689227.0,49999.972,0.0,0.0,Exit Trigger,7 days
14,AAPL,Long Closed,1985-09-30,0.07,1986-07-14,0.17,705507.0,49999.989,70550.7,141.101,Exit Trigger,287 days
15,AAPL,Long Closed,1986-08-29,0.17,1986-10-06,0.15,297673.0,49999.837,-5953.46,-11.907,Exit Trigger,38 days
16,AAPL,Long Closed,1986-11-11,0.16,1987-10-23,0.32,315493.0,49999.962,50478.88,100.958,Exit Trigger,346 days
17,AAPL,Long Closed,1987-12-29,0.36,1988-02-18,0.37,138271.0,49999.759,1382.71,2.765,Exit Trigger,51 days
18,AAPL,Long Closed,1988-03-07,0.42,1988-04-11,0.37,119786.0,49999.994,-5989.3,-11.979,Exit Trigger,35 days
19,AAPL,Long Closed,1988-06-09,0.4,1988-08-05,0.4,124444.0,49999.857,0.0,0.0,Exit Trigger,57 days
20,AAPL,Long Closed,1988-10-05,0.37,1988-10-21,0.37,135757.0,49999.848,0.0,0.0,Exit Trigger,16 days
21,AAPL,Long Closed,1988-12-22,0.37,1989-02-09,0.34,134131.0,49999.747,-4023.93,-8.048,Exit Trigger,49 days
22,AAPL,Long Closed,1989-04-20,0.36,1989-07-07,0.37,137423.0,49999.847,1374.23,2.748,Exit Trigger,78 days
23,AAPL,Long Closed,1989-08-24,0.39,1989-11-16,0.4,128000.0,50000.0,1280.0,2.56,Exit Trigger,84 days
24,AAPL,Long Closed,1990-03-15,0.33,1990-05-17,0.37,153424.0,49999.81,6136.96,12.274,Exit Trigger,63 days
25,AAPL,Long Closed,1990-05-31,0.37,1990-06-11,0.34,134939.0,49999.757,-4048.17,-8.096,Exit Trigger,11 days
26,AAPL,Long Closed,1990-07-05,0.39,1990-08-13,0.34,128000.0,50000.0,-6400.0,-12.8,Exit Trigger,39 days
27,AAPL,Long Closed,1990-11-14,0.32,1991-05-02,0.43,156643.0,49999.817,17230.73,34.462,Exit Trigger,169 days
28,AAPL,Long Closed,1991-07-29,0.4,1991-10-01,0.44,123756.0,49999.653,4950.24,9.901,Exit Trigger,64 days
29,AAPL,Long Closed,1991-11-01,0.46,1991-12-12,0.44,109268.0,49999.835,-2185.36,-4.371,Exit Trigger,41 days
30,AAPL,Long Closed,1992-01-03,0.54,1992-03-26,0.58,93333.0,49999.792,3733.32,7.467,Exit Trigger,83 days
31,AAPL,Long Closed,1992-05-26,0.53,1992-06-11,0.48,94117.0,49999.656,-4705.85,-9.412,Exit Trigger,16 days
32,AAPL,Long Closed,1992-09-11,0.44,1992-10-12,0.39,114285.0,49999.688,-5714.25,-11.429,Exit Trigger,31 days
33,AAPL,Long Closed,1992-10-28,0.46,1993-02-12,0.49,109268.0,49999.835,3278.04,6.556,Exit Trigger,107 days
34,AAPL,Long Closed,1993-05-19,0.49,1993-06-18,0.37,102283.0,49999.919,-12273.96,-24.548,Exit Trigger,30 days
35,AAPL,Long Closed,1993-10-28,0.28,1993-12-23,0.24,176378.0,49999.986,-7055.12,-14.11,Exit Trigger,56 days
36,AAPL,Long Closed,1994-01-25,0.31,1994-04-06,0.3,161150.0,49999.691,-1611.5,-3.223,Exit Trigger,71 days
37,AAPL,Long Closed,1994-07-28,0.28,1994-12-06,0.33,180644.0,49999.73,9032.2,18.064,Exit Trigger,131 days
38,AAPL,Long Closed,1995-01-12,0.41,1995-03-06,0.35,121409.0,49999.869,-7284.54,-14.569,Exit Trigger,53 days
39,AAPL,Long Closed,1995-05-04,0.34,1995-08-10,0.39,146405.0,49999.945,7320.25,14.641,Exit Trigger,98 days
40,AAPL,Long Closed,1995-11-17,0.36,1995-12-26,0.29,139999.0,49999.665,-9799.93,-19.6,Exit Trigger,39 days
41,AAPL,Long Closed,1996-05-16,0.25,1996-06-17,0.22,198230.0,49999.946,-5946.9,-11.894,Exit Trigger,32 days
42,AAPL,Long Closed,1996-08-15,0.2,1996-10-01,0.2,247513.0,49999.855,0.0,0.0,Exit Trigger,47 days
43,AAPL,Long Closed,1996-10-11,0.22,1996-12-16,0.21,229743.0,49999.89,-2297.43,-4.595,Exit Trigger,66 days
44,AAPL,Long Closed,1997-03-31,0.17,1997-05-16,0.16,300670.0,49999.92,-3006.7,-6.013,Exit Trigger,46 days
45,AAPL,Long Closed,1997-08-04,0.17,1997-10-06,0.2,291856.0,49999.893,8755.68,17.511,Exit Trigger,63 days
46,AAPL,Long Closed,1998-01-23,0.17,1998-06-11,0.25,289032.0,49999.933,23122.56,46.245,Exit Trigger,139 days
47,AAPL,Long Closed,1998-07-08,0.27,1998-09-22,0.33,182113.0,49999.855,10926.78,21.854,Exit Trigger,76 days
48,AAPL,Long Closed,1998-11-05,0.34,1998-11-16,0.32,145928.0,49999.893,-2918.56,-5.837,Exit Trigger,11 days
49,AAPL,Long Closed,1999-01-05,0.37,1999-02-19,0.32,133532.0,49999.991,-6676.6,-13.353,Exit Trigger,45 days
50,AAPL,Long Closed,1999-04-22,0.31,1999-10-19,0.64,159714.0,49999.744,52705.62,105.412,Exit Trigger,180 days
51,AAPL,Long Closed,1999-10-26,0.67,2000-04-28,1.14,74728.0,49999.386,35122.16,70.245,Exit Trigger,185 days
52,AAPL,Long Closed,2000-07-10,0.97,2000-08-14,0.85,51761.0,49999.057,-6211.32,-12.423,Exit Trigger,35 days
53,AAPL,Long Closed,2000-09-06,1.1,2000-10-04,0.4,45621.0,49999.793,-31934.7,-63.87,Exit Trigger,28 days
54,AAPL,Long Closed,2001-01-25,0.37,2001-06-05,0.37,136170.0,49999.991,0.0,0.0,Exit Trigger,131 days
55,AAPL,Long Closed,2001-07-16,0.44,2001-07-31,0.34,112540.0,49999.945,-11254.0,-22.508,Exit Trigger,15 days
56,AAPL,Long Closed,2001-10-30,0.31,2002-05-13,0.42,161104.0,49999.755,17721.44,35.443,Exit Trigger,195 days
57,AAPL,Long Closed,2002-11-01,0.28,2002-12-18,0.26,175658.0,49999.819,-3513.16,-7.026,Exit Trigger,47 days
58,AAPL,Long Closed,2003-02-25,0.26,2003-04-04,0.26,190735.0,49999.842,0.0,0.0,Exit Trigger,38 days
59,AAPL,Long Closed,2003-05-12,0.32,2003-11-20,0.36,154270.0,49999.986,6170.8,12.342,Exit Trigger,192 days
60,AAPL,Long Closed,2004-01-15,0.41,2004-05-17,0.48,122217.0,49999.83,8555.19,17.11,Exit Trigger,123 days
61,AAPL,Long Closed,2004-06-03,0.51,2004-08-17,0.55,97493.0,49999.969,3899.72,7.799,Exit Trigger,75 days
62,AAPL,Long Closed,2004-09-01,0.61,2005-04-18,1.25,81632.0,49999.601,52244.48,104.49,Exit Trigger,229 days
63,AAPL,Long Closed,2005-06-13,1.28,2005-07-05,1.31,39008.0,49999.907,1170.24,2.34,Exit Trigger,22 days
64,AAPL,Long Closed,2005-07-12,1.37,2006-02-14,2.33,36620.0,49999.375,35155.2,70.311,Exit Trigger,217 days
65,AAPL,Long Closed,2006-04-28,2.48,2006-06-05,2.18,20178.0,49998.201,-6053.4,-12.107,Exit Trigger,38 days
66,AAPL,Long Closed,2006-08-04,2.39,2007-01-09,3.09,20879.0,49997.753,14615.3,29.232,Exit Trigger,158 days
67,AAPL,Long Closed,2007-01-10,3.38,2007-02-12,3.02,14775.0,49997.551,-5319.0,-10.639,Exit Trigger,33 days
68,AAPL,Long Closed,2007-03-19,3.22,2007-08-24,4.66,15514.0,49999.403,22340.16,44.681,Exit Trigger,158 days
69,AAPL,Long Closed,2007-09-18,4.97,2007-12-07,6.8,10067.0,49997.043,18422.61,36.847,Exit Trigger,80 days
70,AAPL,Long Closed,2007-12-10,6.91,2008-01-24,5.0,7231.0,49994.62,-13811.21,-27.625,Exit Trigger,45 days
71,AAPL,Long Closed,2008-04-01,5.22,2008-06-30,6.08,9569.0,49998.024,8229.34,16.459,Exit Trigger,90 days
72,AAPL,Long Closed,2008-08-28,6.26,2008-09-15,5.07,7987.0,49998.622,-9504.53,-19.01,Exit Trigger,18 days
73,AAPL,Long Closed,2009-02-13,3.54,2009-03-16,3.45,14142.0,49997.019,-1272.78,-2.546,Exit Trigger,31 days
74,AAPL,Long Closed,2009-03-20,3.65,2009-12-21,7.0,13713.0,49998.571,45938.55,91.88,Exit Trigger,276 days
75,AAPL,Long Closed,2010-01-05,7.66,2010-02-11,6.96,6523.0,49994.138,-4566.1,-9.133,Exit Trigger,37 days
76,AAPL,Long Closed,2010-03-11,8.0,2010-06-14,9.14,6252.0,49995.907,7127.28,14.256,Exit Trigger,95 days
77,AAPL,Long Closed,2010-06-21,9.92,2010-07-23,9.18,5041.0,49994.115,-3730.34,-7.462,Exit Trigger,32 days
78,AAPL,Long Closed,2010-09-21,10.14,2011-04-01,12.54,4932.0,49999.913,11836.8,23.674,Exit Trigger,192 days
79,AAPL,Long Closed,2011-05-13,12.35,2011-05-31,12.18,4050.0,49997.251,-688.5,-1.377,Exit Trigger,18 days
80,AAPL,Long Closed,2011-07-15,12.9,2011-11-18,13.53,3876.0,49996.247,2441.88,4.884,Exit Trigger,126 days
81,AAPL,Long Closed,2011-12-29,14.41,2012-05-10,20.52,3470.0,49992.785,21201.7,42.41,Exit Trigger,133 days
82,AAPL,Long Closed,2012-06-26,20.4,2012-10-18,22.84,2450.0,49991.373,5978.0,11.958,Exit Trigger,114 days
83,AAPL,Long Closed,2013-05-20,15.43,2013-06-27,14.26,3241.0,49993.582,-3791.97,-7.585,Exit Trigger,38 days
84,AAPL,Long Closed,2013-08-01,16.28,2013-10-04,17.28,3071.0,49986.012,3071.0,6.144,Exit Trigger,64 days
85,AAPL,Long Closed,2013-10-17,17.86,2014-01-29,18.0,2800.0,49997.999,392.0,0.784,Exit Trigger,104 days
86,AAPL,Long Closed,2014-03-27,19.29,2014-04-23,18.9,2592.0,49990.423,-1010.88,-2.022,Exit Trigger,27 days
87,AAPL,Long Closed,2014-04-28,20.46,2014-10-20,24.58,2444.0,49997.259,10069.28,20.14,Exit Trigger,175 days
88,AAPL,Long Closed,2014-10-29,26.66,2015-01-06,26.64,1875.0,49992.188,-37.5,-0.075,Exit Trigger,69 days
89,AAPL,Long Closed,2015-02-06,30.0,2015-04-17,31.39,1666.0,49988.329,2315.74,4.633,Exit Trigger,70 days
90,AAPL,Long Closed,2015-04-29,32.54,2015-06-26,31.92,1536.0,49981.441,-952.32,-1.905,Exit Trigger,58 days
91,AAPL,Long Closed,2015-10-28,29.23,2015-12-21,26.82,1710.0,49987.575,-4121.1,-8.244,Exit Trigger,54 days
92,AAPL,Long Closed,2016-03-14,25.48,2016-05-06,23.34,1962.0,49986.857,-4198.68,-8.4,Exit Trigger,53 days
93,AAPL,Long Closed,2016-07-05,23.85,2016-07-11,24.19,2096.0,49984.36,712.64,1.426,Exit Trigger,6 days
94,AAPL,Long Closed,2016-07-26,24.2,2016-11-16,26.67,2065.0,49983.325,5100.55,10.205,Exit Trigger,113 days
95,AAPL,Long Closed,2016-12-23,28.9,2017-06-28,36.12,1730.0,49992.673,12490.6,24.985,Exit Trigger,187 days
96,AAPL,Long Closed,2017-08-03,39.26,2017-10-03,38.5,1273.0,49981.163,-967.48,-1.936,Exit Trigger,61 days
97,AAPL,Long Closed,2017-11-02,41.65,2018-02-07,40.77,1200.0,49980.002,-1056.0,-2.113,Exit Trigger,97 days
98,AAPL,Long Closed,2018-03-09,44.49,2018-04-16,43.76,1123.0,49962.272,-819.79,-1.641,Exit Trigger,38 days
99,AAPL,Long Closed,2018-05-11,47.37,2018-07-12,47.38,1055.0,49977.989,10.55,0.021,Exit Trigger,62 days
100,AAPL,Long Closed,2018-07-25,48.26,2018-10-30,52.79,1035.0,49954.274,4688.55,9.386,Exit Trigger,97 days
101,AAPL,Long Closed,2019-02-13,42.85,2019-05-28,44.73,1166.0,49960.185,2192.08,4.388,Exit Trigger,104 days
102,AAPL,Long Closed,2019-07-02,50.35,2020-03-06,70.5,992.0,49949.681,19988.8,40.018,Exit Trigger,248 days
103,AAPL,Long Closed,2020-05-01,71.56,2020-10-05,113.91,698.0,49950.625,29560.3,59.179,Exit Trigger,157 days
104,AAPL,Long Closed,2020-11-06,118.32,2021-03-01,123.75,422.0,49931.04,2291.46,4.589,Exit Trigger,115 days
105,AAPL,Long Closed,2021-04-20,135.02,2021-05-27,126.44,370.0,49957.402,-3174.6,-6.355,Exit Trigger,37 days
106,AAPL,Long Closed,2021-06-29,134.8,2021-10-04,141.76,370.0,49876.001,2575.2,5.163,Exit Trigger,97 days
107,AAPL,Long Closed,2021-11-05,151.89,2022-02-01,174.01,329.0,49971.81,7277.48,14.563,Exit Trigger,88 days
108,AAPL,Long Closed,2022-04-06,172.36,2022-05-04,159.67,290.0,49984.4,-3680.1,-7.362,Exit Trigger,28 days
109,AAPL,Long Closed,2022-07-21,154.5,2022-09-20,153.4,323.0,49903.5,-355.3,-0.712,Exit Trigger,61 days
110,AAPL,Long Closed,2022-11-25,148.31,2022-11-29,144.29,337.0,49980.469,-1354.74,-2.711,Exit Trigger,4 days
111,AAPL,Long Closed,2022-12-05,147.77,2022-12-20,131.39,338.0,49946.261,-5536.44,-11.085,Exit Trigger,15 days
112,AAPL,Long Closed,2023-02-06,152.57,2023-08-17,177.14,327.0,49890.392,8034.39,16.104,Exit Trigger,192 days
113,AMZN,Long Closed,1997-07-07,0.09,1997-12-04,0.22,545452.0,49999.947,70908.76,141.818,Exit Trigger,150 days
114,AMZN,Long Closed,1997-12-12,0.23,1998-06-02,0.36,215246.0,49999.923,27981.98,55.964,Exit Trigger,172 days
115,AMZN,Long Closed,1998-06-15,0.5,1998-09-09,0.75,100840.0,49999.801,25210.0,50.42,Exit Trigger,86 days
116,AMZN,Long Closed,1998-10-22,0.9,1999-02-19,2.36,55749.0,49999.886,81393.54,162.787,Exit Trigger,120 days
117,AMZN,Long Closed,1999-03-19,3.55,1999-05-21,3.27,14096.0,49996.75,-3946.88,-7.894,Exit Trigger,63 days
118,AMZN,Long Closed,1999-07-19,3.4,1999-08-06,2.42,14705.0,49997.001,-14410.9,-28.824,Exit Trigger,18 days
119,AMZN,Long Closed,1999-09-09,3.17,1999-11-19,3.89,15748.0,49999.899,11338.56,22.677,Exit Trigger,71 days
120,AMZN,Long Closed,1999-12-01,4.36,2000-01-14,3.34,11461.0,49998.615,-11690.22,-23.381,Exit Trigger,44 days
121,AMZN,Long Closed,2000-09-01,2.11,2000-10-12,1.42,23738.0,49998.164,-16379.22,-32.76,Exit Trigger,41 days
122,AMZN,Long Closed,2001-04-24,0.82,2001-06-21,0.63,60827.0,49999.796,-11557.13,-23.114,Exit Trigger,58 days
123,AMZN,Long Closed,2001-07-23,0.85,2001-08-03,0.61,58754.0,49999.655,-14100.96,-28.202,Exit Trigger,11 days
124,AMZN,Long Closed,2001-11-08,0.38,2001-11-14,0.38,130548.0,49999.882,0.0,0.0,Exit Trigger,6 days
125,AMZN,Long Closed,2001-11-16,0.46,2002-04-18,0.74,108577.0,49999.709,30401.56,60.803,Exit Trigger,153 days
126,AMZN,Long Closed,2002-05-06,0.8,2002-07-01,0.81,62735.0,49999.794,627.35,1.255,Exit Trigger,56 days
127,AMZN,Long Closed,2002-09-06,0.73,2003-01-08,1.07,68681.0,49999.767,23351.54,46.703,Exit Trigger,124 days
128,AMZN,Long Closed,2003-02-10,1.07,2003-02-14,1.0,46728.0,49998.962,-3270.96,-6.542,Exit Trigger,4 days
129,AMZN,Long Closed,2003-02-19,1.06,2003-11-26,2.64,47281.0,49999.658,74703.98,149.409,Exit Trigger,280 days
130,AMZN,Long Closed,2004-01-16,2.81,2004-02-12,2.35,17771.0,49998.707,-8174.66,-16.35,Exit Trigger,27 days
131,AMZN,Long Closed,2004-04-15,2.35,2004-05-21,2.06,21285.0,49998.465,-6172.65,-12.346,Exit Trigger,36 days
132,AMZN,Long Closed,2004-06-09,2.58,2004-07-29,1.92,19372.0,49999.134,-12785.52,-25.571,Exit Trigger,50 days
133,AMZN,Long Closed,2004-09-23,2.07,2004-10-25,1.7,24195.0,49998.966,-8952.15,-17.905,Exit Trigger,32 days
134,AMZN,Long Closed,2004-12-02,1.98,2005-02-10,1.8,25227.0,49999.914,-4540.86,-9.082,Exit Trigger,70 days
135,AMZN,Long Closed,2005-05-24,1.77,2005-07-11,1.74,28184.0,49998.417,-845.52,-1.691,Exit Trigger,48 days
136,AMZN,Long Closed,2005-07-21,1.95,2005-09-26,2.12,25667.0,49999.315,4363.39,8.727,Exit Trigger,67 days
137,AMZN,Long Closed,2005-10-18,2.25,2005-11-03,2.04,22261.0,49998.207,-4674.81,-9.35,Exit Trigger,16 days
138,AMZN,Long Closed,2005-11-29,2.42,2006-01-20,2.21,20699.0,49998.433,-4346.79,-8.694,Exit Trigger,52 days
139,AMZN,Long Closed,2006-06-26,1.83,2006-07-28,1.34,27359.0,49998.572,-13405.91,-26.813,Exit Trigger,32 days
140,AMZN,Long Closed,2006-09-18,1.62,2007-01-04,1.93,30816.0,49998.958,9552.96,19.106,Exit Trigger,108 days
141,AMZN,Long Closed,2007-02-22,2.07,2007-03-27,1.94,24154.0,49998.778,-3140.02,-6.28,Exit Trigger,33 days
142,AMZN,Long Closed,2007-04-02,1.99,2007-11-09,4.12,25094.0,49999.794,53450.22,106.901,Exit Trigger,221 days
143,AMZN,Long Closed,2007-12-18,4.29,2008-01-24,3.73,11650.0,49995.976,-6524.0,-13.049,Exit Trigger,37 days
144,AMZN,Long Closed,2008-04-08,3.82,2008-07-08,3.62,13089.0,49999.979,-2617.8,-5.236,Exit Trigger,91 days
145,AMZN,Long Closed,2008-08-14,4.29,2008-09-25,3.53,11667.0,49998.929,-8866.92,-17.734,Exit Trigger,42 days
146,AMZN,Long Closed,2008-12-26,2.69,2009-07-15,4.15,18590.0,49997.807,27141.4,54.285,Exit Trigger,201 days
147,AMZN,Long Closed,2009-07-16,4.22,2009-09-03,3.92,11845.0,49997.747,-3553.5,-7.107,Exit Trigger,49 days
148,AMZN,Long Closed,2009-09-28,4.55,2010-01-22,6.28,10984.0,49999.169,19002.32,38.005,Exit Trigger,116 days
149,AMZN,Long Closed,2010-03-17,6.62,2010-05-20,6.13,7552.0,49998.017,-3700.48,-7.401,Exit Trigger,64 days
150,AMZN,Long Closed,2010-08-09,6.42,2011-02-08,8.83,7784.0,49996.631,18759.44,37.521,Exit Trigger,183 days
151,AMZN,Long Closed,2011-04-15,9.05,2011-06-17,9.33,5524.0,49992.201,1546.72,3.094,Exit Trigger,63 days
152,AMZN,Long Closed,2011-07-08,10.72,2011-08-23,8.95,4666.0,49996.191,-8258.82,-16.519,Exit Trigger,46 days
153,AMZN,Long Closed,2011-09-20,12.04,2011-11-11,10.63,4152.0,49990.08,-5854.32,-11.711,Exit Trigger,52 days
154,AMZN,Long Closed,2012-02-03,9.14,2012-03-07,9.13,5469.0,49994.866,-54.69,-0.109,Exit Trigger,33 days
155,AMZN,Long Closed,2012-03-27,10.18,2012-10-24,11.79,4911.0,49991.523,7906.71,15.816,Exit Trigger,211 days
156,AMZN,Long Closed,2012-12-12,12.55,2013-03-04,13.27,3982.0,49988.038,2867.04,5.735,Exit Trigger,82 days
157,AMZN,Long Closed,2013-03-06,13.79,2013-03-20,12.9,3626.0,49995.288,-3227.14,-6.455,Exit Trigger,14 days
158,AMZN,Long Closed,2013-05-30,13.29,2013-08-29,14.07,3763.0,49993.335,2935.14,5.871,Exit Trigger,91 days
159,AMZN,Long Closed,2013-09-25,15.73,2014-02-06,17.37,3179.0,49994.542,5213.56,10.428,Exit Trigger,134 days
160,AMZN,Long Closed,2014-06-16,16.24,2014-08-14,16.39,3078.0,49995.954,461.7,0.923,Exit Trigger,59 days
161,AMZN,Long Closed,2014-09-08,17.23,2014-10-01,16.1,2902.0,49992.752,-3279.26,-6.559,Exit Trigger,23 days
162,AMZN,Long Closed,2014-11-28,16.8,2014-12-29,15.39,2975.0,49984.463,-4194.75,-8.392,Exit Trigger,31 days
163,AMZN,Long Closed,2015-02-06,18.74,2015-04-14,19.18,2667.0,49988.914,1173.48,2.347,Exit Trigger,67 days
164,AMZN,Long Closed,2015-04-22,19.6,2015-09-21,27.22,2551.0,49988.123,19438.62,38.886,Exit Trigger,152 days
165,AMZN,Long Closed,2015-09-22,26.99,2016-01-11,30.62,1852.0,49977.147,6722.76,13.452,Exit Trigger,111 days
166,AMZN,Long Closed,2016-03-18,28.05,2016-11-11,36.79,1782.0,49979.756,15574.68,31.162,Exit Trigger,238 days
167,AMZN,Long Closed,2017-01-10,39.83,2017-08-22,47.78,1255.0,49986.652,9977.25,19.96,Exit Trigger,224 days
168,AMZN,Long Closed,2017-10-17,50.28,2018-04-16,72.25,994.0,49977.822,21838.18,43.696,Exit Trigger,181 days
169,AMZN,Long Closed,2018-05-08,79.75,2018-10-12,90.4,626.0,49923.5,6666.9,13.354,Exit Trigger,157 days
170,AMZN,Long Closed,2019-01-25,83.53,2019-06-04,84.96,598.0,49947.951,855.14,1.712,Exit Trigger,130 days
171,AMZN,Long Closed,2019-07-03,96.79,2019-08-14,89.65,516.0,49945.963,-3684.24,-7.376,Exit Trigger,42 days
172,AMZN,Long Closed,2019-11-11,88.9,2019-12-12,87.5,562.0,49961.801,-786.8,-1.575,Exit Trigger,31 days
173,AMZN,Long Closed,2019-12-20,89.98,2020-03-17,88.77,555.0,49939.457,-671.55,-1.345,Exit Trigger,88 days
174,AMZN,Long Closed,2020-04-16,117.3,2020-09-29,158.77,426.0,49969.801,17666.22,35.354,Exit Trigger,166 days
175,AMZN,Long Closed,2020-10-26,159.94,2020-11-16,154.66,312.0,49900.343,-1647.36,-3.301,Exit Trigger,21 days
176,AMZN,Long Closed,2020-12-24,159.7,2021-03-05,150.25,313.0,49984.537,-2957.85,-5.918,Exit Trigger,71 days
177,AMZN,Long Closed,2021-04-15,168.55,2021-06-01,162.18,296.0,49890.801,-1885.52,-3.779,Exit Trigger,47 days
178,AMZN,Long Closed,2021-06-23,175.25,2021-08-16,164.15,285.0,49946.25,-3163.5,-6.334,Exit Trigger,54 days
179,AMZN,Long Closed,2021-09-23,169.0,2021-10-12,162.85,295.0,49855.738,-1814.25,-3.639,Exit Trigger,19 days
180,AMZN,Long Closed,2021-11-10,178.19,2021-12-23,170.43,280.0,49894.179,-2172.8,-4.355,Exit Trigger,43 days
181,AMZN,Long Closed,2022-03-29,170.38,2022-04-29,129.85,293.0,49922.513,-11875.29,-23.787,Exit Trigger,31 days
182,AMZN,Long Closed,2022-07-21,123.2,2022-09-21,122.49,405.0,49895.999,-287.55,-0.576,Exit Trigger,62 days
183,AMZN,Long Closed,2023-01-27,99.53,2023-03-13,89.97,502.0,49964.059,-4799.12,-9.605,Exit Trigger,45 days
184,TSLA,Long Closed,2010-08-06,1.34,2010-08-23,1.27,37313.0,49999.421,-2611.91,-5.224,Exit Trigger,17 days
185,TSLA,Long Closed,2010-09-13,1.39,2011-01-10,1.88,35902.0,49999.533,17591.98,35.184,Exit Trigger,119 days
186,TSLA,Long Closed,2011-04-01,1.83,2011-08-05,1.67,27322.0,49999.261,-4371.52,-8.743,Exit Trigger,126 days
187,TSLA,Long Closed,2011-10-07,1.8,2011-12-28,1.93,27798.0,49999.344,3613.74,7.228,Exit Trigger,82 days
188,TSLA,Long Closed,2012-02-14,2.12,2012-04-26,2.2,23629.0,49998.963,1890.32,3.781,Exit Trigger,72 days
189,TSLA,Long Closed,2012-07-05,2.05,2012-08-03,1.79,24342.0,49998.466,-6328.92,-12.658,Exit Trigger,29 days
190,TSLA,Long Closed,2012-10-01,1.97,2012-10-16,1.84,25423.0,49998.577,-3304.99,-6.61,Exit Trigger,15 days
191,TSLA,Long Closed,2012-11-14,2.13,2013-03-20,2.35,23466.0,49998.231,5162.52,10.325,Exit Trigger,126 days
192,TSLA,Long Closed,2013-04-01,2.82,2013-11-04,11.0,17705.0,49998.918,144826.9,289.66,Exit Trigger,217 days
193,TSLA,Long Closed,2014-01-02,9.99,2014-04-15,13.27,5006.0,49993.253,16419.68,32.844,Exit Trigger,103 days
194,TSLA,Long Closed,2014-06-16,13.78,2014-10-08,17.34,3627.0,49994.569,12912.12,25.827,Exit Trigger,114 days
195,TSLA,Long Closed,2014-11-25,16.49,2014-12-11,14.04,3032.0,49997.679,-7428.4,-14.857,Exit Trigger,16 days
196,TSLA,Long Closed,2015-02-23,14.38,2015-03-05,13.52,3477.0,49989.986,-2990.22,-5.982,Exit Trigger,10 days
197,TSLA,Long Closed,2015-04-23,14.55,2015-08-13,15.99,3436.0,49998.382,4947.84,9.896,Exit Trigger,112 days
198,TSLA,Long Closed,2015-09-28,17.16,2015-10-15,14.43,2914.0,49994.53,-7955.22,-15.912,Exit Trigger,17 days
199,TSLA,Long Closed,2015-12-10,14.98,2016-01-19,13.91,3337.0,49990.486,-3570.59,-7.143,Exit Trigger,40 days
200,TSLA,Long Closed,2016-03-16,14.53,2016-05-17,13.94,3440.0,49994.665,-2029.6,-4.06,Exit Trigger,62 days
201,TSLA,Long Closed,2016-07-26,15.18,2016-09-06,13.27,3293.0,49985.543,-6289.63,-12.583,Exit Trigger,42 days
202,TSLA,Long Closed,2016-12-22,13.88,2017-03-22,16.77,3601.0,49986.681,10406.89,20.819,Exit Trigger,90 days
203,TSLA,Long Closed,2017-04-03,19.13,2017-07-24,22.02,2614.0,49997.108,7554.46,15.11,Exit Trigger,112 days
204,TSLA,Long Closed,2017-08-24,23.5,2017-10-16,23.58,2127.0,49987.336,170.16,0.34,Exit Trigger,53 days
205,TSLA,Long Closed,2017-12-27,21.07,2018-03-06,22.25,2373.0,49991.202,2800.14,5.601,Exit Trigger,69 days
206,TSLA,Long Closed,2018-03-14,22.45,2018-03-19,21.1,2227.0,49997.634,-3006.45,-6.013,Exit Trigger,5 days
207,TSLA,Long Closed,2018-06-05,19.85,2018-06-06,20.03,2519.0,49993.753,453.42,0.907,Exit Trigger,1 days
208,TSLA,Long Closed,2018-06-07,21.08,2018-06-11,21.5,2372.0,49993.856,996.24,1.993,Exit Trigger,4 days
209,TSLA,Long Closed,2018-06-13,23.11,2018-07-30,19.73,2163.0,49995.583,-7310.94,-14.623,Exit Trigger,47 days
210,TSLA,Long Closed,2018-08-23,21.28,2018-09-07,17.34,2350.0,49998.598,-9259.0,-18.519,Exit Trigger,15 days
211,TSLA,Long Closed,2018-11-06,22.6,2019-01-07,21.45,2211.0,49978.92,-2542.65,-5.087,Exit Trigger,62 days
212,TSLA,Long Closed,2019-07-08,15.42,2019-08-21,14.8,3243.0,49994.089,-2010.66,-4.022,Exit Trigger,44 days
213,TSLA,Long Closed,2019-09-26,15.38,2020-03-20,29.21,3251.0,49991.709,44961.33,89.938,Exit Trigger,176 days
214,TSLA,Long Closed,2020-04-29,52.68,2020-11-16,136.31,949.0,49991.423,79364.87,158.757,Exit Trigger,201 days
215,TSLA,Long Closed,2020-11-24,180.13,2021-03-04,218.6,277.0,49896.933,10656.19,21.356,Exit Trigger,100 days
216,TSLA,Long Closed,2021-04-27,239.32,2021-05-18,189.33,208.0,49778.562,-10397.92,-20.888,Exit Trigger,21 days
217,TSLA,Long Closed,2021-07-06,227.24,2021-12-22,321.89,220.0,49992.066,20823.0,41.653,Exit Trigger,169 days
218,TSLA,Long Closed,2022-01-20,336.58,2022-01-27,311.12,148.0,49813.346,-3768.08,-7.564,Exit Trigger,7 days
219,TSLA,Long Closed,2022-03-30,363.72,2022-05-10,273.1,137.0,49830.096,-12414.94,-24.915,Exit Trigger,41 days
220,TSLA,Long Closed,2022-07-21,255.11,2022-09-30,266.15,195.0,49745.801,2152.8,4.328,Exit Trigger,71 days
221,TSLA,Long Closed,2023-02-08,196.1,2023-04-03,199.91,254.0,49809.402,967.74,1.943,Exit Trigger,54 days
222,TSLA,Long Closed,2023-06-05,217.8,2023-08-16,228.02,229.0,49876.201,2340.38,4.692,Exit Trigger,72 days
223,RIVN,Long Closed,2021-12-10,115.71,2021-12-15,115.47,432.0,49986.72,-103.68,-0.207,Exit Trigger,5 days
224,RIVN,Long Closed,2022-07-14,30.54,2022-10-12,32.67,1637.0,49993.981,3486.81,6.974,Exit Trigger,90 days
225,RIVN,Long Closed,2023-02-23,18.89,2023-03-10,14.72,2646.0,49982.938,-11033.82,-22.075,Exit Trigger,15 days
226,RIVN,Long Closed,2023-05-30,15.6,2023-08-31,23.03,3205.0,49998.001,23813.15,47.628,Exit Trigger,93 days
227,NVDA,Long Closed,1999-02-23,0.45,1999-02-24,0.53,111627.0,49999.633,8930.16,17.86,Exit Trigger,1 days
228,NVDA,Long Closed,1999-03-02,0.46,1999-04-09,0.45,109090.0,49999.545,-1090.9,-2.182,Exit Trigger,38 days
229,NVDA,Long Closed,1999-07-09,0.41,1999-10-05,0.41,123076.0,49999.625,0.0,0.0,Exit Trigger,88 days
230,NVDA,Long Closed,1999-11-10,0.6,2000-05-05,1.83,83569.0,49999.919,102789.87,205.58,Exit Trigger,177 days
231,NVDA,Long Closed,2000-05-23,2.21,2000-07-28,2.21,22641.0,49998.868,0.0,0.0,Exit Trigger,66 days
232,NVDA,Long Closed,2000-08-28,3.14,2000-10-13,2.63,15920.0,49998.75,-8119.2,-16.239,Exit Trigger,46 days
233,NVDA,Long Closed,2001-01-31,2.18,2001-07-12,3.43,22966.0,49998.889,28707.5,57.416,Exit Trigger,162 days
234,NVDA,Long Closed,2001-08-23,3.52,2001-09-20,2.49,14201.0,49999.35,-14627.03,-29.254,Exit Trigger,28 days
235,NVDA,Long Closed,2001-10-29,3.83,2002-02-11,4.8,13057.0,49997.432,12665.29,25.332,Exit Trigger,105 days
236,NVDA,Long Closed,2002-11-04,1.25,2003-01-02,1.0,40133.0,49999.017,-10033.25,-20.067,Exit Trigger,59 days
237,NVDA,Long Closed,2003-03-06,1.03,2003-07-23,1.77,48348.0,49999.909,35777.52,71.555,Exit Trigger,139 days
238,NVDA,Long Closed,2003-09-26,1.46,2003-10-08,1.4,34324.0,49998.636,-2059.44,-4.119,Exit Trigger,12 days
239,NVDA,Long Closed,2003-11-12,1.76,2004-02-25,1.88,28462.0,49998.257,3415.44,6.831,Exit Trigger,105 days
240,NVDA,Long Closed,2004-04-05,2.18,2004-05-07,1.88,22935.0,49998.302,-6880.5,-13.761,Exit Trigger,32 days
241,NVDA,Long Closed,2004-09-23,1.21,2005-02-04,2.03,41293.0,49998.925,33860.26,67.722,Exit Trigger,134 days
242,NVDA,Long Closed,2005-02-07,2.15,2005-04-04,1.95,23237.0,49998.289,-4647.4,-9.295,Exit Trigger,56 days
243,NVDA,Long Closed,2005-05-24,2.23,2005-07-27,2.21,22404.0,49998.268,-448.08,-0.896,Exit Trigger,64 days
244,NVDA,Long Closed,2005-08-16,2.54,2006-05-25,4.08,19723.0,49997.807,30373.42,60.75,Exit Trigger,282 days
245,NVDA,Long Closed,2006-08-11,3.73,2007-01-22,5.36,13392.0,49996.797,21828.96,43.661,Exit Trigger,164 days
246,NVDA,Long Closed,2007-04-30,5.59,2007-11-16,8.0,8949.0,49995.084,21567.09,43.138,Exit Trigger,200 days
247,NVDA,Long Closed,2007-12-31,8.63,2008-01-11,6.91,5795.0,49996.36,-9967.4,-19.936,Exit Trigger,11 days
248,NVDA,Long Closed,2008-05-07,5.65,2008-06-30,4.76,8853.0,49997.318,-7879.17,-15.759,Exit Trigger,54 days
249,NVDA,Long Closed,2008-09-09,2.79,2008-09-19,2.85,17937.0,49999.386,1076.22,2.152,Exit Trigger,10 days
250,NVDA,Long Closed,2008-12-19,2.14,2009-03-10,2.15,23337.0,49999.521,233.37,0.467,Exit Trigger,81 days
251,NVDA,Long Closed,2009-03-17,2.36,2009-05-20,2.4,21164.0,49999.949,846.56,1.693,Exit Trigger,64 days
252,NVDA,Long Closed,2009-06-19,2.79,2009-10-19,3.33,17905.0,49999.713,9668.7,19.338,Exit Trigger,122 days
253,NVDA,Long Closed,2009-12-08,3.96,2010-02-11,4.16,12634.0,49999.055,2526.8,5.054,Exit Trigger,65 days
254,NVDA,Long Closed,2010-03-22,4.26,2010-04-28,4.03,11743.0,49995.825,-2700.89,-5.402,Exit Trigger,37 days
255,NVDA,Long Closed,2010-09-16,2.61,2011-03-14,4.55,19193.0,49997.765,37234.42,74.472,Exit Trigger,179 days
256,NVDA,Long Closed,2011-05-11,4.97,2011-06-09,4.39,10060.0,49998.198,-5834.8,-11.67,Exit Trigger,29 days
257,NVDA,Long Closed,2011-09-20,3.83,2011-12-16,3.39,13046.0,49998.795,-5740.24,-11.481,Exit Trigger,87 days
258,NVDA,Long Closed,2012-02-02,3.75,2012-03-21,3.6,13324.0,49998.311,-1998.6,-3.997,Exit Trigger,48 days
259,NVDA,Long Closed,2012-07-03,3.36,2012-09-25,3.46,14869.0,49997.012,1486.9,2.974,Exit Trigger,84 days
260,NVDA,Long Closed,2012-12-24,3.09,2013-02-05,3.06,16207.0,49998.596,-486.21,-0.972,Exit Trigger,43 days
261,NVDA,Long Closed,2013-02-21,3.09,2013-07-09,3.55,16181.0,49999.289,7443.26,14.887,Exit Trigger,138 days
262,NVDA,Long Closed,2013-08-02,3.65,2013-11-05,3.68,13689.0,49999.071,410.67,0.821,Exit Trigger,95 days
263,NVDA,Long Closed,2013-12-04,3.92,2013-12-18,3.79,12738.0,49996.649,-1655.94,-3.312,Exit Trigger,14 days
264,NVDA,Long Closed,2013-12-23,3.94,2014-05-23,4.61,12674.0,49998.929,8491.58,16.984,Exit Trigger,151 days
265,NVDA,Long Closed,2014-06-05,4.73,2014-07-22,4.67,10576.0,49998.04,-634.56,-1.269,Exit Trigger,47 days
266,NVDA,Long Closed,2014-08-29,4.86,2014-10-08,4.48,10277.0,49997.603,-3905.26,-7.811,Exit Trigger,40 days
267,NVDA,Long Closed,2014-11-12,4.93,2015-01-09,4.98,10147.0,49999.34,507.35,1.015,Exit Trigger,58 days
268,NVDA,Long Closed,2015-02-13,5.56,2015-04-17,5.51,8988.0,49995.75,-449.4,-0.899,Exit Trigger,63 days
269,NVDA,Long Closed,2015-05-05,5.63,2015-05-11,5.14,8877.0,49999.704,-4349.73,-8.7,Exit Trigger,6 days
270,NVDA,Long Closed,2015-08-17,5.88,2016-01-20,6.7,8510.0,49996.25,6978.2,13.957,Exit Trigger,156 days
271,NVDA,Long Closed,2016-03-09,8.01,2017-03-08,25.17,6244.0,49998.828,107147.04,214.299,Exit Trigger,364 days
272,NVDA,Long Closed,2017-05-11,30.01,2017-12-18,48.3,1665.0,49970.814,30452.85,60.941,Exit Trigger,221 days
273,NVDA,Long Closed,2018-01-16,56.01,2018-04-09,54.2,892.0,49963.151,-1614.52,-3.231,Exit Trigger,83 days
274,NVDA,Long Closed,2018-05-15,63.2,2018-07-12,62.34,791.0,49989.221,-680.26,-1.361,Exit Trigger,58 days
275,NVDA,Long Closed,2018-08-16,65.47,2018-10-16,59.98,763.0,49957.424,-4188.87,-8.385,Exit Trigger,61 days
276,NVDA,Long Closed,2019-02-04,36.34,2019-05-17,39.62,1375.0,49970.936,4510.0,9.025,Exit Trigger,102 days
277,NVDA,Long Closed,2019-07-12,41.85,2019-08-26,41.4,1194.0,49968.898,-537.3,-1.075,Exit Trigger,45 days
278,NVDA,Long Closed,2019-09-10,44.79,2020-03-20,54.75,1116.0,49991.218,11115.36,22.235,Exit Trigger,192 days
279,NVDA,Long Closed,2020-04-21,70.58,2020-11-25,130.32,708.0,49968.87,42295.92,84.645,Exit Trigger,218 days
280,NVDA,Long Closed,2020-11-27,133.75,2020-11-30,132.65,373.0,49888.75,-410.3,-0.822,Exit Trigger,3 days
281,NVDA,Long Closed,2020-12-01,134.92,2020-12-07,136.01,370.0,49921.325,403.3,0.808,Exit Trigger,6 days
282,NVDA,Long Closed,2021-01-28,129.96,2021-03-16,133.57,384.0,49905.598,1386.24,2.778,Exit Trigger,47 days
283,NVDA,Long Closed,2021-04-16,160.53,2021-10-13,209.18,311.0,49924.83,15130.15,30.306,Exit Trigger,180 days
284,NVDA,Long Closed,2021-10-29,250.01,2022-01-06,276.4,199.0,49751.989,5251.61,10.556,Exit Trigger,69 days
285,NVDA,Long Closed,2022-03-29,286.95,2022-04-25,192.02,174.0,49929.302,-16517.82,-33.082,Exit Trigger,27 days
286,NVDA,Long Closed,2022-08-05,188.1,2022-09-08,134.59,265.0,49846.502,-14180.15,-28.448,Exit Trigger,34 days
287,NVDA,Long Closed,2022-11-11,158.07,2023-01-12,161.0,316.0,49950.122,925.88,1.854,Exit Trigger,62 days
288,NVDA,Long Closed,2023-01-27,194.62,2023-09-28,424.6,256.0,49822.719,58874.88,118.169,Exit Trigger,244 days
289,NFLX,Long Closed,2002-07-19,1.15,2002-08-05,0.78,43370.0,49999.406,-16046.9,-32.094,Exit Trigger,17 days
290,NFLX,Long Closed,2002-11-21,0.73,2003-06-25,1.68,68627.0,49999.642,65195.65,130.392,Exit Trigger,216 days
291,NFLX,Long Closed,2003-06-30,1.79,2003-12-05,3.4,27899.0,49998.997,44917.39,89.837,Exit Trigger,158 days
292,NFLX,Long Closed,2004-01-06,3.95,2004-03-12,4.34,12669.0,49997.309,4940.91,9.882,Exit Trigger,66 days
293,NFLX,Long Closed,2004-04-20,4.42,2004-05-04,3.81,11304.0,49995.973,-6895.44,-13.792,Exit Trigger,14 days
294,NFLX,Long Closed,2004-06-09,4.51,2004-07-22,2.82,11075.0,49995.718,-18716.75,-37.437,Exit Trigger,43 days
295,NFLX,Long Closed,2004-10-07,2.55,2004-10-21,1.47,19640.0,49997.821,-21211.2,-42.424,Exit Trigger,14 days
296,NFLX,Long Closed,2004-12-17,1.93,2005-01-21,1.57,25925.0,49998.203,-9333.0,-18.667,Exit Trigger,35 days
297,NFLX,Long Closed,2005-04-18,1.68,2005-12-15,3.57,29686.0,49999.714,56106.54,112.214,Exit Trigger,241 days
298,NFLX,Long Closed,2006-02-21,3.6,2006-02-28,3.79,13888.0,49996.799,2638.72,5.278,Exit Trigger,7 days
299,NFLX,Long Closed,2006-03-16,3.58,2006-05-31,3.95,13972.0,49999.795,5169.64,10.339,Exit Trigger,76 days
300,NFLX,Long Closed,2006-09-25,3.33,2007-01-03,3.71,15034.0,49998.786,5712.92,11.426,Exit Trigger,100 days
301,NFLX,Long Closed,2007-04-10,3.5,2007-05-10,3.14,14297.0,49998.654,-5146.92,-10.294,Exit Trigger,30 days
302,NFLX,Long Closed,2007-09-24,2.74,2007-12-06,3.35,18229.0,49999.54,11119.69,22.24,Exit Trigger,73 days
303,NFLX,Long Closed,2007-12-31,3.85,2008-01-28,3.16,12987.0,49999.949,-8961.03,-17.922,Exit Trigger,28 days
304,NFLX,Long Closed,2008-02-19,3.76,2008-05-08,4.33,13292.0,49996.915,7576.44,15.154,Exit Trigger,79 days
305,NFLX,Long Closed,2008-08-15,4.58,2008-10-06,3.71,10927.0,49998.828,-9506.49,-19.013,Exit Trigger,52 days
306,NFLX,Long Closed,2008-12-12,4.05,2009-05-19,5.59,12350.0,49999.853,19019.0,38.038,Exit Trigger,158 days
307,NFLX,Long Closed,2009-07-14,6.06,2009-09-15,6.28,8248.0,49994.667,1814.56,3.63,Exit Trigger,63 days
308,NFLX,Long Closed,2009-09-28,6.59,2009-12-30,8.14,7585.0,49995.991,11756.75,23.515,Exit Trigger,93 days
309,NFLX,Long Closed,2010-02-10,8.87,2010-07-30,14.24,5635.0,49998.55,30259.95,60.522,Exit Trigger,170 days
310,NFLX,Long Closed,2010-08-24,17.94,2011-01-25,26.14,2787.0,49998.781,22853.4,45.708,Exit Trigger,154 days
311,NFLX,Long Closed,2011-01-28,30.24,2011-03-22,31.54,1653.0,49989.081,2148.9,4.299,Exit Trigger,53 days
312,NFLX,Long Closed,2011-03-30,34.1,2011-08-11,33.59,1466.0,49988.506,-747.66,-1.496,Exit Trigger,134 days
313,NFLX,Long Closed,2012-01-13,13.07,2012-03-20,16.27,3826.0,49994.891,12243.2,24.489,Exit Trigger,67 days
314,NFLX,Long Closed,2012-07-12,11.65,2012-08-09,8.23,4293.0,49995.049,-14682.06,-29.367,Exit Trigger,28 days
315,NFLX,Long Closed,2012-10-12,9.4,2013-04-10,24.0,5319.0,49998.598,77657.4,155.319,Exit Trigger,180 days
316,NFLX,Long Closed,2013-05-02,30.46,2013-07-02,32.18,1641.0,49989.547,2822.52,5.646,Exit Trigger,61 days
317,NFLX,Long Closed,2013-07-12,35.12,2014-01-22,47.07,1423.0,49973.728,17004.85,34.028,Exit Trigger,194 days
318,NFLX,Long Closed,2014-02-06,58.06,2014-04-01,50.25,861.0,49989.661,-6724.41,-13.452,Exit Trigger,54 days
319,NFLX,Long Closed,2014-05-30,59.31,2014-08-06,60.14,843.0,49999.534,699.69,1.399,Exit Trigger,68 days
320,NFLX,Long Closed,2014-08-25,68.79,2014-10-08,65.24,726.0,49943.612,-2577.3,-5.16,Exit Trigger,44 days
321,NFLX,Long Closed,2015-01-27,63.09,2015-03-30,59.72,792.0,49965.017,-2669.04,-5.342,Exit Trigger,62 days
322,NFLX,Long Closed,2015-04-22,80.21,2015-09-14,96.84,623.0,49971.718,10360.49,20.733,Exit Trigger,145 days
323,NFLX,Long Closed,2015-10-28,102.9,2016-01-11,112.13,485.0,49906.501,4476.55,8.97,Exit Trigger,75 days
324,NFLX,Long Closed,2016-03-22,100.48,2016-05-05,90.91,497.0,49938.562,-4756.29,-9.524,Exit Trigger,44 days
325,NFLX,Long Closed,2016-06-15,94.61,2016-07-05,95.2,528.0,49954.08,311.52,0.624,Exit Trigger,20 days
326,NFLX,Long Closed,2016-08-19,96.05,2017-07-03,149.8,520.0,49946.002,27950.0,55.96,Exit Trigger,318 days
327,NFLX,Long Closed,2017-07-24,188.69,2017-12-06,183.38,264.0,49814.161,-1401.84,-2.814,Exit Trigger,135 days
328,NFLX,Long Closed,2018-01-10,207.57,2018-08-03,347.75,240.0,49816.802,33643.2,67.534,Exit Trigger,205 days
329,NFLX,Long Closed,2018-09-20,370.26,2018-10-24,332.28,135.0,49985.101,-5127.3,-10.258,Exit Trigger,34 days
330,NFLX,Long Closed,2019-01-16,354.0,2019-05-24,355.41,141.0,49914.0,198.81,0.398,Exit Trigger,128 days
331,NFLX,Long Closed,2019-07-05,378.29,2019-07-30,329.2,132.0,49934.281,-6479.88,-12.977,Exit Trigger,25 days
332,NFLX,Long Closed,2019-11-06,288.19,2020-03-20,342.31,173.0,49856.87,9362.76,18.779,Exit Trigger,135 days
333,NFLX,Long Closed,2020-04-16,437.0,2020-06-22,455.01,114.0,49818.0,2053.14,4.121,Exit Trigger,67 days
334,NFLX,Long Closed,2020-06-24,468.54,2020-10-01,506.03,106.0,49665.241,3973.94,8.001,Exit Trigger,99 days
335,NFLX,Long Closed,2020-10-14,562.61,2020-11-11,483.0,88.0,49509.679,-7005.68,-14.15,Exit Trigger,28 days
336,NFLX,Long Closed,2020-12-21,530.05,2021-03-15,516.32,94.0,49824.699,-1290.62,-2.59,Exit Trigger,84 days
337,NFLX,Long Closed,2021-04-20,554.42,2021-05-07,504.62,90.0,49897.798,-4482.0,-8.982,Exit Trigger,17 days
338,NFLX,Long Closed,2021-06-30,534.06,2021-08-17,515.47,93.0,49667.58,-1728.87,-3.481,Exit Trigger,48 days
339,NFLX,Long Closed,2021-08-25,550.16,2021-12-13,612.0,90.0,49514.398,5565.6,11.24,Exit Trigger,110 days
340,NFLX,Long Closed,2022-07-22,222.38,2022-10-19,265.0,224.0,49813.121,9546.88,19.165,Exit Trigger,89 days
341,NFLX,Long Closed,2022-10-20,272.78,2023-03-10,297.9,183.0,49918.74,4596.96,9.209,Exit Trigger,141 days
342,NFLX,Long Closed,2023-04-18,335.0,2023-08-17,415.0,149.0,49915.0,11920.0,23.881,Exit Trigger,121 days
343,MSFT,Long Closed,1986-04-23,0.1,1986-07-02,0.11,500871.0,49999.949,5008.71,10.017,Exit Trigger,70 days
344,MSFT,Long Closed,1986-09-08,0.11,1986-09-22,0.1,472130.0,49999.983,-4721.3,-9.443,Exit Trigger,14 days
345,MSFT,Long Closed,1986-10-02,0.1,1986-10-06,0.1,514286.0,49999.914,0.0,0.0,Exit Trigger,4 days
346,MSFT,Long Closed,1986-10-07,0.11,1987-06-23,0.36,472130.0,49999.983,118032.5,236.065,Exit Trigger,259 days
347,MSFT,Long Closed,1987-08-25,0.39,1987-11-03,0.34,127716.0,49999.919,-6385.8,-12.772,Exit Trigger,70 days
348,MSFT,Long Closed,1987-12-29,0.36,1988-04-14,0.39,140487.0,49999.745,4214.61,8.429,Exit Trigger,107 days
349,MSFT,Long Closed,1988-05-27,0.39,1988-08-05,0.39,128000.0,50000.0,0.0,0.0,Exit Trigger,70 days
350,MSFT,Long Closed,1988-10-07,0.35,1988-10-10,0.35,144000.0,49999.968,0.0,0.0,Exit Trigger,3 days
351,MSFT,Long Closed,1988-10-18,0.36,1988-10-20,0.37,139130.0,49999.844,1391.3,2.783,Exit Trigger,2 days
352,MSFT,Long Closed,1988-12-23,0.36,1989-03-20,0.32,139130.0,49999.844,-5565.2,-11.13,Exit Trigger,87 days
353,MSFT,Long Closed,1989-05-05,0.37,1989-07-06,0.39,135211.0,49999.948,2704.22,5.408,Exit Trigger,62 days
354,MSFT,Long Closed,1989-08-15,0.4,1989-12-29,0.59,126315.0,49999.644,23999.85,48.0,Exit Trigger,136 days
355,MSFT,Long Closed,1990-01-04,0.62,1990-07-30,0.95,80672.0,49999.859,26621.76,53.244,Exit Trigger,207 days
356,MSFT,Long Closed,1990-10-09,0.91,1991-05-10,1.48,55172.0,49999.625,31448.04,62.897,Exit Trigger,213 days
357,MSFT,Long Closed,1991-06-07,1.52,1991-07-09,1.41,32801.0,49998.763,-3608.11,-7.216,Exit Trigger,32 days
358,MSFT,Long Closed,1991-08-09,1.64,1992-03-09,2.47,30476.0,49999.688,25295.08,50.59,Exit Trigger,213 days
359,MSFT,Long Closed,1992-03-24,2.69,1992-04-15,2.68,18604.0,49998.25,-186.04,-0.372,Exit Trigger,22 days
360,MSFT,Long Closed,1992-04-16,2.69,1992-04-21,2.46,18604.0,49998.25,-4278.92,-8.558,Exit Trigger,5 days
361,MSFT,Long Closed,1992-06-09,2.47,1992-06-25,2.26,20253.0,49999.594,-4253.13,-8.506,Exit Trigger,16 days
362,MSFT,Long Closed,1992-08-18,2.16,1992-08-27,2.25,23188.0,49999.125,2086.92,4.174,Exit Trigger,9 days
363,MSFT,Long Closed,1992-08-31,2.32,1992-12-28,2.73,21548.0,49998.104,8834.68,17.67,Exit Trigger,119 days
364,MSFT,Long Closed,1993-03-30,2.77,1993-05-07,2.73,18079.0,49999.734,-723.16,-1.446,Exit Trigger,38 days
365,MSFT,Long Closed,1993-05-25,2.87,1993-07-07,2.57,17438.0,49998.024,-5231.4,-10.463,Exit Trigger,43 days
366,MSFT,Long Closed,1993-09-27,2.55,1993-11-16,2.53,19571.0,49997.798,-391.42,-0.783,Exit Trigger,50 days
367,MSFT,Long Closed,1993-12-09,2.61,1994-02-18,2.45,19161.0,49998.234,-3065.76,-6.132,Exit Trigger,71 days
368,MSFT,Long Closed,1994-03-24,2.68,1994-07-18,3.22,18658.0,49997.618,10075.32,20.152,Exit Trigger,116 days
369,MSFT,Long Closed,1994-08-12,3.46,1994-10-18,3.45,14446.0,49996.71,-144.46,-0.289,Exit Trigger,67 days
370,MSFT,Long Closed,1994-10-26,3.74,1994-12-30,3.87,13361.0,49999.374,1736.93,3.474,Exit Trigger,65 days
371,MSFT,Long Closed,1995-03-03,3.98,1995-09-13,6.01,12573.0,49997.326,25523.19,51.049,Exit Trigger,194 days
372,MSFT,Long Closed,1995-11-02,6.16,1995-12-04,5.38,8111.0,49996.715,-6326.58,-12.654,Exit Trigger,32 days
373,MSFT,Long Closed,1996-02-07,6.0,1996-07-22,7.56,8333.0,49998.0,12999.48,26.0,Exit Trigger,166 days
374,MSFT,Long Closed,1996-08-14,7.74,1997-03-31,11.64,6458.0,49999.05,25186.2,50.373,Exit Trigger,229 days
375,MSFT,Long Closed,1997-04-24,14.58,1997-09-08,17.22,3429.0,49988.391,9052.56,18.109,Exit Trigger,137 days
376,MSFT,Long Closed,1997-12-02,17.95,1998-01-02,16.2,2786.0,49995.641,-4875.5,-9.752,Exit Trigger,31 days
377,MSFT,Long Closed,1998-02-02,18.97,1998-05-22,21.66,2635.0,49982.656,7088.15,14.181,Exit Trigger,109 days
378,MSFT,Long Closed,1998-06-25,26.47,1998-08-26,27.81,1889.0,49999.469,2531.26,5.063,Exit Trigger,62 days
379,MSFT,Long Closed,1998-10-07,24.34,1998-10-12,24.81,2053.0,49977.719,964.91,1.931,Exit Trigger,5 days
380,MSFT,Long Closed,1998-11-09,27.3,1999-03-10,40.58,1831.0,49980.578,24315.68,48.65,Exit Trigger,121 days
381,MSFT,Long Closed,1999-03-22,43.23,1999-05-07,39.81,1156.0,49978.938,-3953.52,-7.91,Exit Trigger,46 days
382,MSFT,Long Closed,1999-06-25,42.69,1999-08-17,42.72,1171.0,49987.062,35.13,0.07,Exit Trigger,53 days
383,MSFT,Long Closed,1999-09-13,47.25,1999-10-25,46.0,1058.0,49990.5,-1322.5,-2.646,Exit Trigger,42 days
384,MSFT,Long Closed,1999-12-15,49.28,2000-02-08,53.22,1014.0,49971.188,3995.16,7.995,Exit Trigger,55 days
385,MSFT,Long Closed,2000-03-30,53.09,2000-04-12,41.06,941.0,49961.219,-11320.23,-22.658,Exit Trigger,13 days
386,MSFT,Long Closed,2000-06-26,38.75,2000-08-08,35.03,1290.0,49987.5,-4798.8,-9.6,Exit Trigger,43 days
387,MSFT,Long Closed,2000-11-10,34.97,2000-12-15,25.52,1429.0,49970.344,-13504.05,-27.024,Exit Trigger,35 days
388,MSFT,Long Closed,2001-02-01,30.41,2001-03-15,27.66,1644.0,49987.875,-4521.0,-9.044,Exit Trigger,42 days
389,MSFT,Long Closed,2001-04-20,35.15,2001-07-09,33.1,1422.0,49983.302,-2915.1,-5.832,Exit Trigger,80 days
390,MSFT,Long Closed,2001-10-29,31.05,2002-02-04,31.2,1610.0,49990.499,241.5,0.483,Exit Trigger,98 days
391,MSFT,Long Closed,2002-04-02,29.45,2002-04-04,27.99,1697.0,49976.651,-2477.62,-4.958,Exit Trigger,2 days
392,MSFT,Long Closed,2002-06-28,27.27,2002-07-18,26.03,1833.0,49995.074,-2272.92,-4.546,Exit Trigger,20 days
393,MSFT,Long Closed,2002-09-05,23.75,2002-09-24,22.42,2105.0,49993.75,-2799.65,-5.6,Exit Trigger,19 days
394,MSFT,Long Closed,2002-10-29,26.08,2002-12-30,26.5,1917.0,49985.776,805.14,1.611,Exit Trigger,62 days
395,MSFT,Long Closed,2003-03-28,24.67,2003-06-03,24.75,2026.0,49981.42,162.08,0.324,Exit Trigger,67 days
396,MSFT,Long Closed,2003-07-03,26.69,2003-08-18,25.56,1873.0,49990.371,-2116.49,-4.234,Exit Trigger,46 days
397,MSFT,Long Closed,2003-09-09,28.65,2003-11-04,26.59,1745.0,49994.249,-3594.7,-7.19,Exit Trigger,56 days
398,MSFT,Long Closed,2003-12-29,27.21,2004-02-20,26.66,1837.0,49984.768,-1010.35,-2.021,Exit Trigger,53 days
399,MSFT,Long Closed,2004-04-29,26.51,2004-08-19,27.35,1886.0,49997.86,1584.24,3.169,Exit Trigger,112 days
400,MSFT,Long Closed,2004-10-07,28.54,2004-12-02,27.27,1751.0,49973.542,-2223.77,-4.45,Exit Trigger,56 days
401,MSFT,Long Closed,2005-05-03,25.13,2005-06-30,25.06,1989.0,49983.568,-139.23,-0.279,Exit Trigger,58 days
402,MSFT,Long Closed,2005-07-28,25.75,2005-09-26,25.4,1941.0,49980.75,-679.35,-1.359,Exit Trigger,60 days
403,MSFT,Long Closed,2005-11-14,27.36,2006-01-05,26.96,1827.0,49986.721,-730.8,-1.462,Exit Trigger,52 days
404,MSFT,Long Closed,2006-02-09,26.96,2006-02-10,26.62,1854.0,49983.838,-630.36,-1.261,Exit Trigger,1 days
405,MSFT,Long Closed,2006-02-16,26.85,2006-03-03,26.81,1862.0,49994.701,-74.48,-0.149,Exit Trigger,15 days
406,MSFT,Long Closed,2006-03-21,27.74,2006-05-02,24.49,1802.0,49987.48,-5856.5,-11.716,Exit Trigger,42 days
407,MSFT,Long Closed,2006-07-14,22.28,2007-02-20,28.63,2244.0,49996.322,14249.4,28.501,Exit Trigger,221 days
408,MSFT,Long Closed,2007-04-23,28.96,2007-06-28,29.86,1726.0,49984.958,1553.4,3.108,Exit Trigger,66 days
409,MSFT,Long Closed,2007-08-09,29.64,2007-08-13,28.94,1686.0,49973.039,-1180.2,-2.362,Exit Trigger,4 days
410,MSFT,Long Closed,2007-10-03,29.71,2008-01-25,34.9,1682.0,49972.218,8729.58,17.469,Exit Trigger,114 days
411,MSFT,Long Closed,2008-04-10,28.83,2008-06-02,28.24,1734.0,49991.22,-1023.06,-2.046,Exit Trigger,53 days
412,MSFT,Long Closed,2008-08-25,27.61,2008-09-23,25.66,1810.0,49974.101,-3529.5,-7.063,Exit Trigger,29 days
413,MSFT,Long Closed,2009-04-07,18.76,2009-08-21,23.93,2665.0,49995.401,13778.05,27.559,Exit Trigger,136 days
414,MSFT,Long Closed,2009-08-25,24.6,2010-02-02,28.37,2032.0,49987.201,7660.64,15.325,Exit Trigger,161 days
415,MSFT,Long Closed,2010-03-25,29.83,2010-05-20,27.65,1676.0,49995.08,-3653.68,-7.308,Exit Trigger,56 days
416,MSFT,Long Closed,2010-08-04,26.15,2010-08-26,24.09,1912.0,49998.799,-3938.72,-7.878,Exit Trigger,22 days
417,MSFT,Long Closed,2010-10-08,24.62,2011-02-17,26.97,2030.0,49978.602,4770.5,9.545,Exit Trigger,132 days
418,MSFT,Long Closed,2011-05-03,25.6,2011-05-23,24.21,1953.0,49996.801,-2714.67,-5.43,Exit Trigger,20 days
419,MSFT,Long Closed,2011-07-11,26.62,2011-08-24,24.65,1878.0,49992.362,-3699.66,-7.4,Exit Trigger,44 days
420,MSFT,Long Closed,2011-09-26,25.19,2011-11-23,24.61,1984.0,49976.961,-1150.72,-2.303,Exit Trigger,58 days
421,MSFT,Long Closed,2012-01-06,27.53,2012-04-20,32.15,1816.0,49994.481,8389.92,16.782,Exit Trigger,105 days
422,MSFT,Long Closed,2012-07-11,29.71,2012-08-02,29.21,1682.0,49972.218,-841.0,-1.683,Exit Trigger,22 days
423,MSFT,Long Closed,2012-08-13,30.35,2012-08-16,30.36,1647.0,49986.451,16.47,0.033,Exit Trigger,3 days
424,MSFT,Long Closed,2012-08-22,30.59,2012-10-11,29.22,1634.0,49984.06,-2238.58,-4.479,Exit Trigger,50 days
425,MSFT,Long Closed,2013-01-28,28.01,2013-07-22,31.7,1785.0,49997.85,6586.65,13.174,Exit Trigger,175 days
426,MSFT,Long Closed,2013-09-20,33.41,2014-01-08,36.0,1496.0,49981.36,3874.64,7.752,Exit Trigger,110 days
427,MSFT,Long Closed,2014-02-21,37.94,2014-05-28,40.14,1317.0,49966.978,2897.4,5.799,Exit Trigger,96 days
428,MSFT,Long Closed,2014-06-05,40.59,2014-10-21,44.36,1231.0,49966.29,4640.87,9.288,Exit Trigger,138 days
429,MSFT,Long Closed,2014-11-12,48.56,2014-12-31,46.73,1029.0,49968.241,-1883.07,-3.769,Exit Trigger,49 days
430,MSFT,Long Closed,2015-04-29,48.72,2015-06-25,46.03,1026.0,49986.721,-2759.94,-5.521,Exit Trigger,57 days
431,MSFT,Long Closed,2015-08-05,47.98,2015-09-01,42.17,1042.0,49995.16,-6054.02,-12.109,Exit Trigger,27 days
432,MSFT,Long Closed,2015-10-13,46.56,2016-01-19,51.48,1073.0,49958.881,5279.16,10.567,Exit Trigger,98 days
433,MSFT,Long Closed,2016-03-16,53.45,2016-05-05,49.87,935.0,49975.751,-3347.3,-6.698,Exit Trigger,50 days
434,MSFT,Long Closed,2016-07-15,53.95,2016-09-29,57.81,926.0,49957.701,3574.36,7.155,Exit Trigger,76 days
435,MSFT,Long Closed,2016-10-24,59.94,2018-04-09,91.04,834.0,49989.959,25937.4,51.885,Exit Trigger,532 days
436,MSFT,Long Closed,2018-04-27,97.6,2018-10-25,106.55,512.0,49971.199,4582.4,9.17,Exit Trigger,181 days
437,MSFT,Long Closed,2019-02-05,106.06,2019-08-26,134.99,471.0,49954.259,13626.03,27.277,Exit Trigger,202 days
438,MSFT,Long Closed,2019-09-24,140.36,2020-03-16,140.0,356.0,49968.16,-128.16,-0.256,Exit Trigger,174 days
439,MSFT,Long Closed,2020-04-23,174.11,2020-09-29,209.35,287.0,49969.57,10113.88,20.24,Exit Trigger,159 days
440,MSFT,Long Closed,2020-10-22,213.93,2020-12-15,215.17,233.0,49845.688,288.92,0.58,Exit Trigger,54 days
441,MSFT,Long Closed,2020-12-21,217.55,2021-03-24,237.85,229.0,49818.951,4648.7,9.331,Exit Trigger,93 days
442,MSFT,Long Closed,2021-04-08,252.77,2021-05-27,251.17,197.0,49795.691,-315.2,-0.633,Exit Trigger,49 days
443,MSFT,Long Closed,2021-06-21,259.82,2021-10-07,295.18,192.0,49885.441,6789.12,13.609,Exit Trigger,108 days
444,MSFT,Long Closed,2021-10-28,324.33,2022-01-07,314.15,154.0,49946.818,-1567.72,-3.139,Exit Trigger,71 days
445,MSFT,Long Closed,2022-04-05,313.27,2022-04-27,282.1,159.0,49809.928,-4956.03,-9.95,Exit Trigger,22 days
446,MSFT,Long Closed,2022-07-22,265.24,2022-07-26,259.86,188.0,49865.118,-1011.44,-2.028,Exit Trigger,4 days
447,MSFT,Long Closed,2022-07-29,277.7,2022-09-14,253.53,180.0,49986.002,-4350.6,-8.704,Exit Trigger,47 days
448,MSFT,Long Closed,2022-12-01,253.87,2023-01-11,231.29,196.0,49758.519,-4425.68,-8.894,Exit Trigger,41 days
449,MSFT,Long Closed,2023-02-08,273.2,2023-08-15,323.0,183.0,49995.602,9113.4,18.228,Exit Trigger,188 days
450,META,Long Closed,2012-07-06,31.44,2012-07-27,23.19,1590.0,49989.601,-13117.5,-26.24,Exit Trigger,21 days
451,META,Long Closed,2012-10-04,22.32,2012-11-06,21.24,2240.0,49996.799,-2419.2,-4.839,Exit Trigger,33 days
452,META,Long Closed,2012-11-19,23.96,2013-02-27,27.34,2086.0,49980.558,7050.68,14.107,Exit Trigger,100 days
453,META,Long Closed,2013-05-03,29.04,2013-05-30,24.13,1721.0,49977.842,-8450.11,-16.908,Exit Trigger,27 days
454,META,Long Closed,2013-07-18,26.75,2013-11-21,46.99,1869.0,49995.75,37828.56,75.664,Exit Trigger,126 days
455,META,Long Closed,2013-12-23,55.5,2014-04-08,57.68,900.0,49950.0,1962.0,3.928,Exit Trigger,106 days
456,META,Long Closed,2014-06-04,62.45,2014-10-31,74.93,800.0,49960.001,9984.0,19.984,Exit Trigger,149 days
457,META,Long Closed,2014-12-18,76.89,2015-01-30,78.0,650.0,49978.5,721.5,1.444,Exit Trigger,43 days
458,META,Long Closed,2015-03-05,81.23,2015-05-11,78.48,615.0,49956.452,-1691.25,-3.385,Exit Trigger,67 days
459,META,Long Closed,2015-06-17,81.76,2015-09-03,89.76,611.0,49955.361,4888.0,9.785,Exit Trigger,78 days
460,META,Long Closed,2015-10-06,94.08,2016-01-05,102.89,531.0,49956.481,4678.11,9.364,Exit Trigger,91 days
461,META,Long Closed,2016-02-18,105.8,2016-06-28,110.63,472.0,49937.601,2279.76,4.565,Exit Trigger,131 days
462,META,Long Closed,2016-07-26,122.0,2016-11-09,121.5,409.0,49898.0,-204.5,-0.41,Exit Trigger,106 days
463,META,Long Closed,2017-01-13,127.49,2017-12-27,176.55,392.0,49976.079,19231.52,38.481,Exit Trigger,348 days
464,META,Long Closed,2018-01-04,184.9,2018-02-26,184.58,270.0,49922.998,-86.4,-0.173,Exit Trigger,53 days
465,META,Long Closed,2018-05-10,183.15,2018-08-08,184.75,273.0,49999.948,436.8,0.874,Exit Trigger,90 days
466,META,Long Closed,2019-01-24,144.64,2019-06-07,170.17,345.0,49900.8,8807.85,17.651,Exit Trigger,134 days
467,META,Long Closed,2019-07-05,196.18,2019-08-19,186.01,254.0,49829.718,-2583.18,-5.184,Exit Trigger,45 days
468,META,Long Closed,2019-10-31,196.7,2020-02-26,197.19,254.0,49961.799,124.46,0.249,Exit Trigger,118 days
469,META,Long Closed,2020-04-30,206.92,2020-10-05,262.2,241.0,49867.72,13322.48,26.716,Exit Trigger,158 days
470,META,Long Closed,2020-11-04,281.0,2020-12-31,272.0,177.0,49737.0,-1593.0,-3.203,Exit Trigger,57 days
471,META,Long Closed,2021-02-18,269.57,2021-02-24,262.33,185.0,49870.451,-1339.4,-2.686,Exit Trigger,6 days
472,META,Long Closed,2021-03-22,290.45,2021-10-01,341.61,172.0,49957.402,8799.52,17.614,Exit Trigger,193 days
473,META,Long Closed,2021-11-29,336.89,2021-12-15,332.49,148.0,49859.722,-651.2,-1.306,Exit Trigger,16 days
474,META,Long Closed,2022-01-03,338.3,2022-01-24,297.84,147.0,49730.098,-5947.62,-11.96,Exit Trigger,21 days
475,META,Long Closed,2022-04-13,211.82,2022-05-03,210.45,236.0,49989.522,-323.32,-0.647,Exit Trigger,20 days
476,META,Long Closed,2022-08-16,179.44,2022-09-09,163.25,278.0,49884.321,-4500.82,-9.023,Exit Trigger,24 days
477,META,Long Closed,2022-12-20,113.26,2023-08-31,295.8,441.0,49947.661,80500.14,161.169,Exit Trigger,254 days
478,GOOG,Long Closed,2004-09-20,2.91,2005-03-07,4.68,17165.0,49998.762,30382.05,60.766,Exit Trigger,168 days
479,GOOG,Long Closed,2005-04-21,4.99,2005-08-19,7.0,10016.0,49997.767,20132.16,40.266,Exit Trigger,120 days
480,GOOG,Long Closed,2005-09-21,7.68,2006-02-09,9.25,6509.0,49998.61,10219.13,20.439,Exit Trigger,141 days
481,GOOG,Long Closed,2006-04-11,10.37,2006-05-25,9.44,4820.0,49991.232,-4482.6,-8.967,Exit Trigger,44 days
482,GOOG,Long Closed,2006-07-03,10.46,2006-08-07,9.25,4779.0,49996.881,-5782.59,-11.566,Exit Trigger,35 days
483,GOOG,Long Closed,2006-09-21,9.97,2006-12-28,11.63,5014.0,49990.232,8323.24,16.65,Exit Trigger,98 days
484,GOOG,Long Closed,2007-01-26,12.23,2007-02-16,11.53,4089.0,49997.916,-2862.3,-5.725,Exit Trigger,21 days
485,GOOG,Long Closed,2007-04-16,11.67,2007-08-13,12.94,4285.0,49996.376,5441.95,10.885,Exit Trigger,119 days
486,GOOG,Long Closed,2007-09-20,13.62,2008-01-10,16.07,3670.0,49999.837,8991.5,17.983,Exit Trigger,112 days
487,GOOG,Long Closed,2008-04-23,13.9,2008-06-27,13.14,3598.0,49999.293,-2734.48,-5.469,Exit Trigger,65 days
488,GOOG,Long Closed,2009-01-07,8.18,2009-03-16,8.12,6114.0,49996.312,-366.84,-0.734,Exit Trigger,68 days
489,GOOG,Long Closed,2009-04-07,9.03,2010-01-29,13.41,5536.0,49996.44,24247.68,48.499,Exit Trigger,297 days
490,GOOG,Long Closed,2010-03-23,13.87,2010-05-04,13.11,3603.0,49988.01,-2738.28,-5.478,Exit Trigger,42 days
491,GOOG,Long Closed,2010-08-04,12.26,2010-09-03,11.72,4078.0,49990.373,-2202.12,-4.405,Exit Trigger,30 days
492,GOOG,Long Closed,2010-09-28,13.29,2010-12-10,14.77,3763.0,49999.719,5569.24,11.139,Exit Trigger,73 days
493,GOOG,Long Closed,2011-01-07,15.34,2011-03-10,14.58,3259.0,49993.878,-2476.84,-4.954,Exit Trigger,62 days
494,GOOG,Long Closed,2011-07-20,15.0,2011-08-30,13.4,3333.0,49989.279,-5332.8,-10.668,Exit Trigger,41 days
495,GOOG,Long Closed,2011-10-19,14.63,2012-02-02,14.57,3417.0,49986.158,-205.02,-0.41,Exit Trigger,106 days
496,GOOG,Long Closed,2012-03-16,15.46,2012-04-30,15.27,3233.0,49996.036,-614.27,-1.229,Exit Trigger,45 days
497,GOOG,Long Closed,2012-07-26,15.32,2012-11-06,17.07,3264.0,49996.601,5712.0,11.425,Exit Trigger,103 days
498,GOOG,Long Closed,2012-12-21,17.78,2013-04-16,19.59,2811.0,49986.879,5087.91,10.178,Exit Trigger,116 days
499,GOOG,Long Closed,2013-05-09,21.69,2013-08-19,21.36,2305.0,49994.761,-760.65,-1.521,Exit Trigger,102 days
500,GOOG,Long Closed,2013-09-30,21.65,2014-04-03,28.41,2309.0,49980.306,15608.84,31.23,Exit Trigger,185 days
501,GOOG,Long Closed,2014-06-06,27.83,2014-08-26,28.98,1796.0,49976.579,2065.4,4.133,Exit Trigger,81 days
502,GOOG,Long Closed,2014-09-11,28.94,2014-10-13,27.17,1727.0,49976.874,-3056.79,-6.116,Exit Trigger,32 days
503,GOOG,Long Closed,2015-02-11,26.69,2015-04-16,26.42,1873.0,49993.586,-505.71,-1.012,Exit Trigger,64 days
504,GOOG,Long Closed,2015-07-17,32.45,2015-09-17,31.89,1540.0,49973.001,-862.4,-1.726,Exit Trigger,62 days
505,GOOG,Long Closed,2015-10-16,33.21,2016-01-15,34.61,1505.0,49974.28,2107.0,4.216,Exit Trigger,91 days
506,GOOG,Long Closed,2016-03-18,37.09,2016-05-06,34.92,1347.0,49964.269,-2922.99,-5.85,Exit Trigger,49 days
507,GOOG,Long Closed,2016-07-27,36.91,2016-10-07,38.98,1354.0,49981.558,2802.78,5.608,Exit Trigger,72 days
508,GOOG,Long Closed,2016-10-11,39.33,2016-11-21,38.13,1271.0,49992.243,-1525.2,-3.051,Exit Trigger,41 days
509,GOOG,Long Closed,2016-12-27,39.53,2017-04-19,41.99,1264.0,49970.977,3109.44,6.222,Exit Trigger,113 days
510,GOOG,Long Closed,2017-04-25,43.25,2017-07-10,46.09,1156.0,49997.0,3283.04,6.566,Exit Trigger,76 days
511,GOOG,Long Closed,2017-09-29,47.6,2018-02-28,56.15,1050.0,49979.998,8977.5,17.962,Exit Trigger,152 days
512,GOOG,Long Closed,2018-03-15,57.5,2018-03-26,52.3,869.0,49965.763,-4518.8,-9.044,Exit Trigger,11 days
513,GOOG,Long Closed,2018-05-23,53.26,2018-09-13,58.54,938.0,49954.597,4952.64,9.914,Exit Trigger,113 days
514,GOOG,Long Closed,2019-01-23,53.87,2019-05-20,57.22,928.0,49989.04,3108.8,6.219,Exit Trigger,117 days
515,GOOG,Long Closed,2019-07-18,57.09,2020-03-10,63.0,875.0,49951.127,5171.25,10.353,Exit Trigger,236 days
516,GOOG,Long Closed,2020-05-01,66.43,2020-09-29,73.52,752.0,49951.602,5331.68,10.674,Exit Trigger,151 days
517,GOOG,Long Closed,2020-10-30,83.61,2021-01-12,87.7,598.0,49996.089,2445.82,4.892,Exit Trigger,74 days
518,GOOG,Long Closed,2021-01-25,96.03,2021-10-07,138.86,520.0,49937.42,22271.6,44.599,Exit Trigger,255 days
519,GOOG,Long Closed,2021-11-03,146.27,2021-12-22,144.1,341.0,49879.773,-739.97,-1.484,Exit Trigger,49 days
520,GOOG,Long Closed,2022-01-04,145.55,2022-01-05,144.18,343.0,49923.824,-469.91,-0.941,Exit Trigger,1 days
521,GOOG,Long Closed,2022-03-31,142.45,2022-04-26,122.75,351.0,49999.424,-6914.7,-13.83,Exit Trigger,26 days
522,GOOG,Long Closed,2022-07-18,113.44,2022-09-12,111.99,440.0,49913.601,-638.0,-1.278,Exit Trigger,56 days
523,GOOG,Long Closed,2022-12-08,95.69,2022-12-21,89.73,522.0,49950.181,-3111.12,-6.228,Exit Trigger,13 days
524,GOOG,Long Closed,2023-02-02,106.79,2023-03-09,94.49,468.0,49977.72,-5756.4,-11.518,Exit Trigger,35 days
525,GOOG,Long Closed,2023-03-28,103.0,2023-07-20,122.12,485.0,49955.0,9273.2,18.563,Exit Trigger,114 days
