Datetime,Open,High,Low,Close,Adj Close,Volume
2023-10-10 09:30:00-04:00,128.82000732421875,129.83999633789062,128.0500030517578,129.72000122070312,129.72000122070312,9452019
2023-10-10 10:30:00-04:00,129.72999572753906,130.52999877929688,129.54080200195312,130.41659545898438,130.41659545898438,5682615
2023-10-10 11:30:00-04:00,130.4250030517578,130.74000549316406,130.3199005126953,130.4949951171875,130.4949951171875,4006438
2023-10-10 12:30:00-04:00,130.49000549316406,130.66000366210938,129.10000610351562,129.61500549316406,129.61500549316406,5086226
2023-10-10 13:30:00-04:00,129.6199951171875,129.92999267578125,129.41200256347656,129.57029724121094,129.57029724121094,3383864
2023-10-10 14:30:00-04:00,129.55999755859375,129.82000732421875,129.27000427246094,129.4550018310547,129.4550018310547,3548417
2023-10-10 15:30:00-04:00,129.4550018310547,129.6699981689453,129.3300018310547,129.47999572753906,129.47999572753906,4467153
2023-10-11 09:30:00-04:00,129.74000549316406,130.9499969482422,129.61000061035156,129.8249969482422,129.8249969482422,8468760
2023-10-11 10:30:00-04:00,129.8350067138672,130.7899932861328,129.72000122070312,130.10000610351562,130.10000610351562,4811261
2023-10-11 11:30:00-04:00,130.11000061035156,130.36940002441406,129.72999572753906,130.26499938964844,130.26499938964844,4242930
2023-10-11 12:30:00-04:00,130.25999450683594,130.52999877929688,130.125,130.32000732421875,130.32000732421875,2830753
2023-10-11 13:30:00-04:00,130.30999755859375,131.07000732421875,129.9499969482422,130.7133026123047,130.7133026123047,4146154
2023-10-11 14:30:00-04:00,130.7178955078125,131.35499572753906,130.6304931640625,131.25999450683594,131.25999450683594,4048693
2023-10-11 15:30:00-04:00,131.25999450683594,132.0500030517578,131.1750030517578,131.8300018310547,131.8300018310547,7166138
2023-10-12 09:30:00-04:00,132.1699981689453,134.4199981689453,131.39999389648438,133.6199951171875,133.6199951171875,15240733
2023-10-12 10:30:00-04:00,133.6199951171875,134.4499969482422,133.17999267578125,133.85000610351562,133.85000610351562,7873765
2023-10-12 11:30:00-04:00,133.83999633789062,134.30999755859375,133.5500030517578,134.29859924316406,134.29859924316406,4906013
2023-10-12 12:30:00-04:00,134.29010009765625,134.47999572753906,131.8300018310547,131.9499969482422,131.9499969482422,7563829
2023-10-12 13:30:00-04:00,131.94500732421875,132.1649932861328,131.22999572753906,131.6085968017578,131.6085968017578,5853044
2023-10-12 14:30:00-04:00,131.60000610351562,132.33999633789062,131.44000244140625,132.14999389648438,132.14999389648438,4993560
2023-10-12 15:30:00-04:00,132.14999389648438,132.4600067138672,132.1199951171875,132.33999633789062,132.33999633789062,4754280
2023-10-13 09:30:00-04:00,132.97999572753906,133.3144989013672,131.41000366210938,132.19520568847656,132.19520568847656,10710060
2023-10-13 10:30:00-04:00,132.18499755859375,132.3699951171875,130.2100067138672,130.25,130.25,6069066
2023-10-13 11:30:00-04:00,130.24200439453125,130.75999450683594,129.80999755859375,130.66000366210938,130.66000366210938,5308643
2023-10-13 12:30:00-04:00,130.66000366210938,130.88999938964844,129.19000244140625,129.21519470214844,129.21519470214844,4043831
2023-10-13 13:30:00-04:00,129.1999969482422,129.8000030517578,128.9499969482422,129.69000244140625,129.69000244140625,3946916
2023-10-13 14:30:00-04:00,129.6999969482422,130.24000549316406,129.3502960205078,129.48500061035156,129.48500061035156,4294457
2023-10-13 15:30:00-04:00,129.5,130.0,129.3699951171875,129.80999755859375,129.80999755859375,4987442
2023-10-16 09:30:00-04:00,130.69000244140625,132.28500366210938,130.4250030517578,131.88999938964844,131.88999938964844,10313635
2023-10-16 10:30:00-04:00,131.88999938964844,132.25999450683594,131.47999572753906,131.89500427246094,131.89500427246094,5866273
2023-10-16 11:30:00-04:00,131.89999389648438,132.0850067138672,131.58999633789062,131.7899932861328,131.7899932861328,4008102
2023-10-16 12:30:00-04:00,131.8000030517578,132.5399932861328,131.4199981689453,132.01390075683594,132.01390075683594,4183079
2023-10-16 13:30:00-04:00,132.0222930908203,133.07000732421875,132.0,132.94000244140625,132.94000244140625,4342503
2023-10-16 14:30:00-04:00,132.92999267578125,133.0601043701172,132.66000366210938,132.96499633789062,132.96499633789062,3443643
2023-10-16 15:30:00-04:00,132.9600067138672,133.00999450683594,132.42999267578125,132.5399932861328,132.5399932861328,5065909
2023-10-17 09:30:00-04:00,130.38999938964844,131.11000061035156,128.7100067138672,130.81500244140625,130.81500244140625,14641397
2023-10-17 10:30:00-04:00,130.82000732421875,131.77999877929688,130.55999755859375,131.47999572753906,131.47999572753906,5250300
2023-10-17 11:30:00-04:00,131.49000549316406,132.5399932861328,131.47999572753906,132.5,132.5,4920867
2023-10-17 12:30:00-04:00,132.5,132.5800018310547,131.83999633789062,131.97000122070312,131.97000122070312,3544593
2023-10-17 13:30:00-04:00,131.97500610351562,131.97500610351562,130.9600067138672,131.36500549316406,131.36500549316406,3747017
2023-10-17 14:30:00-04:00,131.36000061035156,131.52000427246094,130.72999572753906,131.14500427246094,131.14500427246094,4001796
2023-10-17 15:30:00-04:00,131.14999389648438,131.58999633789062,131.0,131.4499969482422,131.4499969482422,6938786
2023-10-18 09:30:00-04:00,129.89999389648438,130.66990661621094,129.17999267578125,129.79989624023438,129.79989624023438,9051005
2023-10-18 10:30:00-04:00,129.781494140625,129.80999755859375,128.9600067138672,129.1699981689453,129.1699981689453,5201989
2023-10-18 11:30:00-04:00,129.1750030517578,129.8249969482422,129.11000061035156,129.24000549316406,129.24000549316406,3649492
2023-10-18 12:30:00-04:00,129.24000549316406,129.67999267578125,128.66000366210938,129.36000061035156,129.36000061035156,3847948
2023-10-18 13:30:00-04:00,129.3509979248047,129.35499572753906,128.27999877929688,128.81500244140625,128.81500244140625,5325505
2023-10-18 14:30:00-04:00,128.81719970703125,129.02499389648438,128.00999450683594,128.1199951171875,128.1199951171875,4702890
2023-10-18 15:30:00-04:00,128.1300048828125,128.34010314941406,127.51000213623047,128.1300048828125,128.1300048828125,5507388
2023-10-19 09:30:00-04:00,130.56500244140625,132.24000549316406,130.22999572753906,130.8000030517578,130.8000030517578,16089133
2023-10-19 10:30:00-04:00,130.86000061035156,131.8300018310547,129.80999755859375,130.4600067138672,130.4600067138672,8071062
2023-10-19 11:30:00-04:00,130.44000244140625,131.0399932861328,129.82000732421875,129.94729614257812,129.94729614257812,6808706
2023-10-19 12:30:00-04:00,129.97000122070312,130.1300048828125,128.72000122070312,129.25,129.25,7528676
2023-10-19 13:30:00-04:00,129.25,129.66000366210938,128.6300048828125,129.0,129.0,4540203
2023-10-19 14:30:00-04:00,128.9949951171875,128.9949951171875,127.87999725341797,128.1649932861328,128.1649932861328,6377614
2023-10-19 15:30:00-04:00,128.1699981689453,128.6199951171875,127.47000122070312,128.30999755859375,128.30999755859375,6151313
2023-10-20 09:30:00-04:00,128.0500030517578,128.1699981689453,125.125,125.5199966430664,125.5199966430664,16558217
2023-10-20 10:30:00-04:00,125.51000213623047,125.80500030517578,124.97000122070312,125.56999969482422,125.56999969482422,7525912
2023-10-20 11:30:00-04:00,125.56999969482422,126.08999633789062,125.28500366210938,125.7300033569336,125.7300033569336,5501484
2023-10-20 12:30:00-04:00,125.75,126.63999938964844,125.73999786376953,126.51000213623047,126.51000213623047,4733292
2023-10-20 13:30:00-04:00,126.52999877929688,126.58000183105469,125.7300033569336,125.77999877929688,125.77999877929688,4247031
2023-10-20 14:30:00-04:00,125.77999877929688,126.12000274658203,125.47000122070312,125.58000183105469,125.58000183105469,4514356
2023-10-20 15:30:00-04:00,125.58499908447266,125.87999725341797,125.05999755859375,125.12999725341797,125.12999725341797,6110644
2023-10-23 09:30:00-04:00,124.62999725341797,125.6500015258789,123.9800033569336,125.0,125.0,11359763
2023-10-23 10:30:00-04:00,125.0,126.30000305175781,124.68000030517578,126.05000305175781,126.05000305175781,6070679
2023-10-23 11:30:00-04:00,126.04000091552734,127.38999938964844,125.94000244140625,127.31999969482422,127.31999969482422,4987054
2023-10-23 12:30:00-04:00,127.33000183105469,127.87999725341797,127.16000366210938,127.41999816894531,127.41999816894531,4637426
2023-10-23 13:30:00-04:00,127.45500183105469,127.7249984741211,127.1500015258789,127.36009979248047,127.36009979248047,4214494
2023-10-23 14:30:00-04:00,127.37000274658203,127.79000091552734,127.19999694824219,127.3499984741211,127.3499984741211,4504683
2023-10-23 15:30:00-04:00,127.33999633789062,127.33999633789062,126.43000030517578,126.55999755859375,126.55999755859375,5673721
2023-10-24 09:30:00-04:00,127.73999786376953,128.5399932861328,126.9009017944336,128.32000732421875,128.32000732421875,11079231
2023-10-24 10:30:00-04:00,128.32000732421875,128.8000030517578,127.37470245361328,127.47989654541016,127.47989654541016,6151072
2023-10-24 11:30:00-04:00,127.4749984741211,127.71610260009766,126.56089782714844,126.60990142822266,126.60990142822266,4416709
2023-10-24 12:30:00-04:00,126.61000061035156,127.31999969482422,126.33999633789062,127.31500244140625,127.31500244140625,4562524
2023-10-24 13:30:00-04:00,127.31900024414062,127.5999984741211,127.12999725341797,127.5,127.5,3540054
2023-10-24 14:30:00-04:00,127.5,128.1699981689453,127.47000122070312,128.1300048828125,128.1300048828125,4207708
2023-10-24 15:30:00-04:00,128.13999938964844,128.74000549316406,128.1199951171875,128.57899475097656,128.57899475097656,5793007
2023-10-25 09:30:00-04:00,126.04000091552734,126.33999633789062,124.08999633789062,124.44499969482422,124.44499969482422,16317195
2023-10-25 10:30:00-04:00,124.44999694824219,124.5999984741211,123.12000274658203,123.489501953125,123.489501953125,10788301
2023-10-25 11:30:00-04:00,123.4800033569336,123.67990112304688,122.1500015258789,122.4000015258789,122.4000015258789,9853818
2023-10-25 12:30:00-04:00,122.39189910888672,122.66999816894531,121.58999633789062,121.69000244140625,121.69000244140625,7685293
2023-10-25 13:30:00-04:00,121.69000244140625,121.70999908447266,120.79000091552734,121.5199966430664,121.5199966430664,7875303
2023-10-25 14:30:00-04:00,121.52999877929688,121.69000244140625,120.98999786376953,121.33999633789062,121.33999633789062,6216755
2023-10-25 15:30:00-04:00,121.34100341796875,121.68000030517578,121.2300033569336,121.4000015258789,121.4000015258789,7097885
2023-10-26 09:30:00-04:00,120.62999725341797,121.63929748535156,118.3499984741211,119.31999969482422,119.31999969482422,21139736
2023-10-26 10:30:00-04:00,119.30999755859375,121.0,118.83999633789062,119.67500305175781,119.67500305175781,9589233
2023-10-26 11:30:00-04:00,119.67500305175781,120.19999694824219,118.54499816894531,118.95999908447266,118.95999908447266,6571363
2023-10-26 12:30:00-04:00,118.97000122070312,119.24500274658203,118.41000366210938,118.77999877929688,118.77999877929688,6444085
2023-10-26 13:30:00-04:00,118.77999877929688,120.0199966430664,118.66000366210938,119.98999786376953,119.98999786376953,6270053
2023-10-26 14:30:00-04:00,119.98999786376953,120.69999694824219,119.87000274658203,120.1050033569336,120.1050033569336,7957456
2023-10-26 15:30:00-04:00,120.11000061035156,120.16999816894531,119.30999755859375,119.66000366210938,119.66000366210938,9924601
2023-10-27 09:30:00-04:00,126.19999694824219,129.33999633789062,125.5199966430664,129.02499389648438,129.02499389648438,47578319
2023-10-27 10:30:00-04:00,129.02000427246094,130.02000427246094,128.2100067138672,129.60499572753906,129.60499572753906,20161792
2023-10-27 11:30:00-04:00,129.61000061035156,129.86000061035156,129.11000061035156,129.5500946044922,129.5500946044922,9062986
2023-10-27 12:30:00-04:00,129.55999755859375,129.6999969482422,127.76000213623047,128.01499938964844,128.01499938964844,10555249
2023-10-27 13:30:00-04:00,128.00999450683594,128.27000427246094,126.80999755859375,127.22000122070312,127.22000122070312,10720379
2023-10-27 14:30:00-04:00,127.19499969482422,128.35000610351562,127.16999816894531,127.9000015258789,127.9000015258789,10088507
2023-10-27 15:30:00-04:00,127.9000015258789,128.02000427246094,127.13999938964844,127.7699966430664,127.7699966430664,9082159
2023-10-30 09:30:00-04:00,129.4105987548828,132.42999267578125,128.55999755859375,130.77499389648438,130.77499389648438,22045978
2023-10-30 10:30:00-04:00,130.77000427246094,133.47000122070312,127.62999725341797,130.89999389648438,130.89999389648438,8655370
2023-10-30 11:30:00-04:00,130.91000366210938,132.3800048828125,130.60000610351562,131.4304962158203,131.4304962158203,7577415
2023-10-30 12:30:00-04:00,131.43850708007812,132.0,131.125,131.89999389648438,131.89999389648438,5838025
2023-10-30 13:30:00-04:00,131.90829467773438,132.77999877929688,131.69000244140625,132.3800048828125,132.3800048828125,7099171
2023-10-30 14:30:00-04:00,132.3699951171875,133.0,132.36929321289062,132.61000061035156,132.61000061035156,7763231
2023-10-30 15:30:00-04:00,132.6199951171875,132.91000366210938,132.57000732421875,132.7100067138672,132.7100067138672,6892204
2023-10-31 09:30:00-04:00,132.75,133.57000732421875,131.83009338378906,133.0749969482422,133.0749969482422,12433875
2023-10-31 10:30:00-04:00,133.02000427246094,133.2100067138672,132.14999389648438,132.19000244140625,132.19000244140625,6570392
2023-10-31 11:30:00-04:00,132.19000244140625,132.41009521484375,131.7100067138672,132.1199951171875,132.1199951171875,5066372
2023-10-31 12:30:00-04:00,132.1199951171875,132.77999877929688,131.85000610351562,132.52999877929688,132.52999877929688,4211840
2023-10-31 13:30:00-04:00,132.5399932861328,133.02999877929688,132.5,132.63999938964844,132.63999938964844,4013857
2023-10-31 14:30:00-04:00,132.64100646972656,133.33999633789062,132.61000061035156,132.97000122070312,132.97000122070312,3884801
2023-10-31 15:30:00-04:00,132.97000122070312,133.24000549316406,132.7030029296875,133.07000732421875,133.07000732421875,4752763
2023-11-01 09:30:00-04:00,133.9600067138672,135.72999572753906,133.7100067138672,135.5200958251953,135.5200958251953,14799534
2023-11-01 10:30:00-04:00,135.5399932861328,135.8300018310547,134.8300018310547,134.9040985107422,134.9040985107422,6372711
2023-11-01 11:30:00-04:00,134.91000366210938,135.6392059326172,134.7100067138672,135.61000061035156,135.61000061035156,4156058
2023-11-01 12:30:00-04:00,135.61000061035156,136.0399932861328,135.30999755859375,135.69000244140625,135.69000244140625,6060719
2023-11-01 13:30:00-04:00,135.68899536132812,136.00999450683594,135.24000549316406,135.38560485839844,135.38560485839844,4812856
2023-11-01 14:30:00-04:00,135.3800048828125,137.0,134.99000549316406,136.75999450683594,136.75999450683594,10862396
2023-11-01 15:30:00-04:00,136.75,137.35000610351562,136.7100067138672,137.00999450683594,137.00999450683594,6847956
2023-11-02 09:30:00-04:00,138.72999572753906,138.80999755859375,136.47000122070312,137.24000549316406,137.24000549316406,14952313
2023-11-02 10:30:00-04:00,137.22999572753906,137.75999450683594,136.61000061035156,137.25999450683594,137.25999450683594,7038661
2023-11-02 11:30:00-04:00,137.27000427246094,137.8300018310547,136.7700958251953,137.27699279785156,137.27699279785156,5318721
2023-11-02 12:30:00-04:00,137.2779998779297,137.55999755859375,137.11000061035156,137.28109741210938,137.28109741210938,3159535
2023-11-02 13:30:00-04:00,137.2899932861328,137.97999572753906,137.28500366210938,137.89999389648438,137.89999389648438,4130741
2023-11-02 14:30:00-04:00,137.90499877929688,138.16000366210938,137.47999572753906,138.0,138.0,5135840
2023-11-02 15:30:00-04:00,138.0,138.1999969482422,137.7700958251953,138.10000610351562,138.10000610351562,4906317
2023-11-03 09:30:00-04:00,138.99000549316406,139.49000549316406,137.6199951171875,137.8300018310547,137.8300018310547,13583917
2023-11-03 10:30:00-04:00,137.8300018310547,138.42999267578125,137.4499969482422,138.19000244140625,138.19000244140625,5334510
2023-11-03 11:30:00-04:00,138.19000244140625,138.9499969482422,138.13999938964844,138.77540588378906,138.77540588378906,4126991
2023-11-03 12:30:00-04:00,138.76010131835938,139.01719665527344,138.61239624023438,138.7512969970703,138.7512969970703,3742712
2023-11-03 13:30:00-04:00,138.75,139.1699981689453,138.64089965820312,139.16000366210938,139.16000366210938,3317548
2023-11-03 14:30:00-04:00,139.16000366210938,139.1699981689453,138.30999755859375,138.42999267578125,138.42999267578125,3783694
2023-11-03 15:30:00-04:00,138.42999267578125,138.64999389648438,138.1903076171875,138.57000732421875,138.57000732421875,4457329
2023-11-06 09:30:00-05:00,138.75999450683594,140.66799926757812,138.36000061035156,140.32110595703125,140.32110595703125,13107756
2023-11-06 10:30:00-05:00,140.3300018310547,140.72999572753906,139.9696044921875,140.0,140.0,5371617
2023-11-06 11:30:00-05:00,139.9949951171875,140.16000366210938,139.52999877929688,139.86000061035156,139.86000061035156,3434091
2023-11-06 12:30:00-05:00,139.85000610351562,139.9600067138672,139.10499572753906,139.25999450683594,139.25999450683594,3300954
2023-11-06 13:30:00-05:00,139.2498016357422,139.53990173339844,138.97000122070312,139.19500732421875,139.19500732421875,3375134
2023-11-06 14:30:00-05:00,139.19000244140625,139.57000732421875,139.06500244140625,139.3300018310547,139.3300018310547,3496033
2023-11-06 15:30:00-05:00,139.3300018310547,139.77000427246094,139.08999633789062,139.77000427246094,139.77000427246094,5727635
2023-11-07 09:30:00-05:00,140.5500030517578,142.52999877929688,140.5,142.3000030517578,142.3000030517578,14962356
2023-11-07 10:30:00-05:00,142.2899932861328,143.1300048828125,142.24000549316406,143.02999877929688,143.02999877929688,7388063
2023-11-07 11:30:00-05:00,143.02999877929688,143.32000732421875,142.3800048828125,142.52490234375,142.52490234375,5597352
2023-11-07 12:30:00-05:00,142.5399932861328,143.22999572753906,142.36000061035156,143.0800018310547,143.0800018310547,4185318
2023-11-07 13:30:00-05:00,143.0800018310547,143.3300018310547,142.94500732421875,143.26499938964844,143.26499938964844,3916884
2023-11-07 14:30:00-05:00,143.27000427246094,143.3699951171875,142.69000244140625,143.0800018310547,143.0800018310547,5157250
2023-11-07 15:30:00-05:00,143.0749969482422,143.19000244140625,142.55859375,142.75,142.75,5691734
2023-11-08 09:30:00-05:00,142.97000122070312,143.1199951171875,141.61000061035156,141.75999450683594,141.75999450683594,12444963
2023-11-08 10:30:00-05:00,141.7532958984375,142.25,141.3000030517578,141.77999877929688,141.77999877929688,5693316
2023-11-08 11:30:00-05:00,141.77999877929688,142.02000427246094,141.30499267578125,141.52999877929688,141.52999877929688,4482372
2023-11-08 12:30:00-05:00,141.52000427246094,141.9799041748047,141.2183074951172,141.8800048828125,141.8800048828125,4333123
2023-11-08 13:30:00-05:00,141.88499450683594,142.5500030517578,141.85000610351562,142.4949951171875,142.4949951171875,3205692
2023-11-08 14:30:00-05:00,142.4949951171875,142.5084991455078,141.83999633789062,141.89520263671875,141.89520263671875,4274414
2023-11-08 15:30:00-05:00,141.88499450683594,142.27000427246094,141.66000366210938,142.1199951171875,142.1199951171875,3982856
2023-11-09 09:30:00-05:00,142.02000427246094,142.64999389648438,141.5800018310547,141.68499755859375,141.68499755859375,8002653
2023-11-09 10:30:00-05:00,141.67999267578125,142.16990661621094,141.4550018310547,141.7700958251953,141.7700958251953,3591672
2023-11-09 11:30:00-05:00,141.785400390625,142.3491973876953,141.66000366210938,141.85000610351562,141.85000610351562,2982837
2023-11-09 12:30:00-05:00,141.85000610351562,142.17999267578125,140.9199981689453,141.44479370117188,141.44479370117188,3851155
2023-11-09 13:30:00-05:00,141.44000244140625,141.5399932861328,140.44000244140625,140.8000030517578,140.8000030517578,3480306
2023-11-09 14:30:00-05:00,140.8000030517578,140.8699951171875,139.83999633789062,140.41000366210938,140.41000366210938,4067721
2023-11-09 15:30:00-05:00,140.39999389648438,140.60000610351562,140.04010009765625,140.60000610351562,140.60000610351562,4137502
2023-11-10 09:30:00-05:00,140.4600067138672,141.7100067138672,139.91000366210938,140.33999633789062,140.33999633789062,11785706
2023-11-10 10:30:00-05:00,140.33999633789062,142.35000610351562,140.17359924316406,142.1199951171875,142.1199951171875,5969879
2023-11-10 11:30:00-05:00,142.10499572753906,142.60000610351562,141.86000061035156,142.39999389648438,142.39999389648438,4142115
2023-11-10 12:30:00-05:00,142.41799926757812,143.08999633789062,142.3699951171875,143.05859375,143.05859375,4765538
2023-11-10 13:30:00-05:00,143.0500946044922,143.25999450683594,142.89999389648438,143.21499633789062,143.21499633789062,3421306
2023-11-10 14:30:00-05:00,143.22000122070312,143.35000610351562,142.9600067138672,143.32899475097656,143.32899475097656,4265122
2023-11-10 15:30:00-05:00,143.3249969482422,143.64999389648438,143.17999267578125,143.57000732421875,143.57000732421875,5890947
2023-11-13 09:30:00-05:00,142.0800018310547,142.22999572753906,140.6699981689453,142.0449981689453,142.0449981689453,11220712
2023-11-13 10:30:00-05:00,142.0500030517578,142.97999572753906,142.0449981689453,142.97999572753906,142.97999572753906,6286247
2023-11-13 11:30:00-05:00,142.97000122070312,143.22999572753906,142.60000610351562,142.6781005859375,142.6781005859375,3908467
2023-11-13 12:30:00-05:00,142.6699981689453,142.94000244140625,142.5500030517578,142.7100067138672,142.7100067138672,2170478
2023-11-13 13:30:00-05:00,142.7100067138672,143.17999267578125,142.60499572753906,143.17999267578125,143.17999267578125,2447154
2023-11-13 14:30:00-05:00,143.17999267578125,143.1898956298828,142.75999450683594,142.8249969482422,142.8249969482422,2375356
2023-11-13 15:30:00-05:00,142.8249969482422,142.8300018310547,142.47500610351562,142.60000610351562,142.60000610351562,3466703
2023-11-14 09:30:00-05:00,145.0,147.25999450683594,144.67999267578125,146.69000244140625,146.69000244140625,19197677
2023-11-14 10:30:00-05:00,146.6999969482422,147.13999938964844,146.22999572753906,146.38999938964844,146.38999938964844,6869101
2023-11-14 11:30:00-05:00,146.39500427246094,146.50999450683594,145.47000122070312,145.58999633789062,145.58999633789062,4907294
2023-11-14 12:30:00-05:00,145.59500122070312,146.47500610351562,145.5,146.4600067138672,146.4600067138672,3753852
2023-11-14 13:30:00-05:00,146.4550018310547,146.60000610351562,145.49000549316406,145.86000061035156,145.86000061035156,4245209
2023-11-14 14:30:00-05:00,145.85499572753906,146.5,145.8300018310547,146.38499450683594,146.38499450683594,4725775
2023-11-14 15:30:00-05:00,146.3800048828125,146.51499938964844,145.6199951171875,145.8000030517578,145.8000030517578,6172117
2023-11-15 09:30:00-05:00,147.05999755859375,147.2899932861328,144.6199951171875,144.77499389648438,144.77499389648438,14739954
2023-11-15 10:30:00-05:00,144.77999877929688,144.83999633789062,143.22000122070312,143.24000549316406,143.24000549316406,10993955
2023-11-15 11:30:00-05:00,143.23500061035156,144.10000610351562,142.72000122070312,143.1199951171875,143.1199951171875,8716750
2023-11-15 12:30:00-05:00,143.1199951171875,143.86000061035156,142.58999633789062,143.1300048828125,143.1300048828125,6619998
2023-11-15 13:30:00-05:00,143.13209533691406,143.44000244140625,142.94430541992188,143.38499450683594,143.38499450683594,4294509
2023-11-15 14:30:00-05:00,143.3885955810547,143.8800048828125,143.25,143.39999389648438,143.39999389648438,4198947
2023-11-15 15:30:00-05:00,143.4199981689453,143.60000610351562,143.02000427246094,143.24000549316406,143.24000549316406,6943506
2023-11-16 09:30:00-05:00,140.91000366210938,143.1300048828125,139.52000427246094,142.62530517578125,142.62530517578125,18600955
2023-11-16 10:30:00-05:00,142.6199951171875,143.0,141.83009338378906,141.83009338378906,141.83009338378906,6416220
2023-11-16 11:30:00-05:00,141.82000732421875,143.14999389648438,141.7906036376953,142.99000549316406,142.99000549316406,4434037
2023-11-16 12:30:00-05:00,142.9949951171875,143.32000732421875,142.52000427246094,142.76499938964844,142.76499938964844,3758046
2023-11-16 13:30:00-05:00,142.76010131835938,142.85000610351562,141.8300018310547,142.25999450683594,142.25999450683594,3808668
2023-11-16 14:30:00-05:00,142.25999450683594,142.63999938964844,142.2100067138672,142.47999572753906,142.47999572753906,3840903
2023-11-16 15:30:00-05:00,142.49000549316406,142.94000244140625,142.40249633789062,142.83999633789062,142.83999633789062,4896656
2023-11-17 09:30:00-05:00,142.66000366210938,144.5800018310547,142.5449981689453,144.55999755859375,144.55999755859375,14949554
2023-11-17 10:30:00-05:00,144.56170654296875,144.63999938964844,143.72999572753906,144.20010375976562,144.20010375976562,5578840
2023-11-17 11:30:00-05:00,144.1999969482422,144.38999938964844,143.98019409179688,144.3000030517578,144.3000030517578,3337053
2023-11-17 12:30:00-05:00,144.3000030517578,144.89999389648438,144.1800994873047,144.7133026123047,144.7133026123047,3159977
2023-11-17 13:30:00-05:00,144.7100067138672,145.0500030517578,144.60000610351562,144.74000549316406,144.74000549316406,3369977
2023-11-17 14:30:00-05:00,144.73500061035156,144.83999633789062,144.25999450683594,144.56500244140625,144.56500244140625,3691243
2023-11-17 15:30:00-05:00,144.56500244140625,145.22999572753906,144.375,145.17999267578125,145.17999267578125,7020525
2023-11-20 09:30:00-05:00,145.1300048828125,146.6300048828125,144.72500610351562,145.02499389648438,145.02499389648438,12588060
2023-11-20 10:30:00-05:00,145.03500366210938,146.1750030517578,144.8800048828125,146.00999450683594,146.00999450683594,4858642
2023-11-20 11:30:00-05:00,146.00999450683594,146.47500610351562,145.8300018310547,146.3000946044922,146.3000946044922,3602245
2023-11-20 12:30:00-05:00,146.30999755859375,146.58999633789062,146.0,146.51499938964844,146.51499938964844,3924008
2023-11-20 13:30:00-05:00,146.52000427246094,146.52000427246094,145.52999877929688,145.52999877929688,145.52999877929688,3771677
2023-11-20 14:30:00-05:00,145.5399932861328,146.27000427246094,145.44000244140625,146.2115936279297,146.2115936279297,3919566
2023-11-20 15:30:00-05:00,146.2100067138672,146.25999450683594,145.97999572753906,146.13999938964844,146.13999938964844,3523262
2023-11-21 09:30:00-05:00,143.2100067138672,144.0500030517578,141.5,141.64999389648438,141.64999389648438,23546356
2023-11-21 10:30:00-05:00,141.64999389648438,142.6300048828125,141.53289794921875,142.47999572753906,142.47999572753906,10109858
2023-11-21 11:30:00-05:00,142.47999572753906,143.0,142.27000427246094,142.99000549316406,142.99000549316406,8702331
2023-11-21 12:30:00-05:00,142.99000549316406,143.64999389648438,142.64999389648438,143.0030059814453,143.0030059814453,6654472
2023-11-21 13:30:00-05:00,143.00999450683594,143.81500244140625,142.95489501953125,143.3300018310547,143.3300018310547,4965814
2023-11-21 14:30:00-05:00,143.32000732421875,143.8300018310547,143.05999755859375,143.72000122070312,143.72000122070312,5191896
2023-11-21 15:30:00-05:00,143.72000122070312,143.91000366210938,143.43499755859375,143.89999389648438,143.89999389648438,6795004
2023-11-22 09:30:00-05:00,144.57000732421875,147.74000549316406,144.57000732421875,146.90040588378906,146.90040588378906,17277546
2023-11-22 10:30:00-05:00,146.9199981689453,147.25999450683594,146.5,147.0749969482422,147.0749969482422,4786851
2023-11-22 11:30:00-05:00,147.0800018310547,147.33999633789062,146.8715057373047,146.99000549316406,146.99000549316406,3924860
2023-11-22 12:30:00-05:00,147.00799560546875,147.19500732421875,146.78250122070312,147.02000427246094,147.02000427246094,3321822
2023-11-22 13:30:00-05:00,147.02000427246094,147.25,146.88999938964844,146.94000244140625,146.94000244140625,2748921
2023-11-22 14:30:00-05:00,146.94500732421875,146.9600067138672,146.39999389648438,146.72999572753906,146.72999572753906,3990783
2023-11-22 15:30:00-05:00,146.72999572753906,146.86000061035156,146.38999938964844,146.72000122070312,146.72000122070312,4478865
2023-11-24 09:30:00-05:00,146.6999969482422,147.1999969482422,145.38999938964844,145.50869750976562,145.50869750976562,7615928
2023-11-24 10:30:00-05:00,145.50799560546875,146.3000030517578,145.32000732421875,146.27499389648438,146.27499389648438,4675205
2023-11-24 11:30:00-05:00,146.27499389648438,147.0800018310547,146.25999450683594,146.82000732421875,146.82000732421875,4435461
2023-11-27 09:30:00-05:00,147.52999877929688,149.25999450683594,146.8800048828125,148.69000244140625,148.69000244140625,17421676
2023-11-27 10:30:00-05:00,148.69000244140625,149.10000610351562,147.8000030517578,148.52999877929688,148.52999877929688,6612409
2023-11-27 11:30:00-05:00,148.52499389648438,149.00999450683594,148.5,148.72000122070312,148.72000122070312,4760809
2023-11-27 12:30:00-05:00,148.72000122070312,149.00010681152344,148.60000610351562,148.88499450683594,148.88499450683594,3387274
2023-11-27 13:30:00-05:00,148.8885955810547,148.97999572753906,148.25999450683594,148.38999938964844,148.38999938964844,2860199
2023-11-27 14:30:00-05:00,148.3800048828125,148.47999572753906,147.97000122070312,148.39999389648438,148.39999389648438,3986961
2023-11-27 15:30:00-05:00,148.39999389648438,148.49000549316406,147.67999267578125,147.75,147.75,5065856
2023-11-28 09:30:00-05:00,146.97999572753906,147.3800048828125,145.52999877929688,146.3300018310547,146.3300018310547,11107265
2023-11-28 10:30:00-05:00,146.3300018310547,147.10000610351562,146.22999572753906,147.07000732421875,147.07000732421875,5255817
2023-11-28 11:30:00-05:00,147.06500244140625,147.5998992919922,147.05999755859375,147.13999938964844,147.13999938964844,5001951
2023-11-28 12:30:00-05:00,147.139892578125,147.13999938964844,146.65499877929688,146.91000366210938,146.91000366210938,4101785
2023-11-28 13:30:00-05:00,146.89999389648438,147.1199951171875,146.72999572753906,146.83999633789062,146.83999633789062,2731421
2023-11-28 14:30:00-05:00,146.83999633789062,146.97999572753906,146.52000427246094,146.64559936523438,146.64559936523438,3093258
2023-11-28 15:30:00-05:00,146.63999938964844,147.16000366210938,146.57000732421875,147.0399932861328,147.0399932861328,4599207
2023-11-29 09:30:00-05:00,147.85000610351562,148.5399932861328,146.46400451660156,146.4774932861328,146.4774932861328,11683080
2023-11-29 10:30:00-05:00,146.47500610351562,147.5399932861328,146.10549926757812,146.14999389648438,146.14999389648438,6679963
2023-11-29 11:30:00-05:00,146.16000366210938,146.6199951171875,145.97000122070312,146.4550018310547,146.4550018310547,3454597
2023-11-29 12:30:00-05:00,146.4550018310547,146.97999572753906,146.27999877929688,146.78599548339844,146.78599548339844,2895880
2023-11-29 13:30:00-05:00,146.77999877929688,147.0399932861328,146.4600067138672,147.02999877929688,147.02999877929688,2744381
2023-11-29 14:30:00-05:00,147.03500366210938,147.0399932861328,146.40499877929688,146.51499938964844,146.51499938964844,3305627
2023-11-29 15:30:00-05:00,146.52000427246094,146.52000427246094,146.11000061035156,146.3000030517578,146.3000030517578,3507536
2023-11-30 09:30:00-05:00,144.75999450683594,146.92999267578125,144.5399932861328,146.02000427246094,146.02000427246094,13825496
2023-11-30 10:30:00-05:00,146.02999877929688,146.4499969482422,145.16000366210938,145.35000610351562,145.35000610351562,5882916
2023-11-30 11:30:00-05:00,145.33999633789062,145.42999267578125,144.7949981689453,144.95379638671875,144.95379638671875,3542530
2023-11-30 12:30:00-05:00,144.9499969482422,145.4600067138672,144.60000610351562,144.7100067138672,144.7100067138672,4067741
2023-11-30 13:30:00-05:00,144.7100067138672,144.8800048828125,144.33200073242188,144.72999572753906,144.72999572753906,3338517
2023-11-30 14:30:00-05:00,144.72000122070312,145.1750030517578,144.55999755859375,144.77000427246094,144.77000427246094,3018906
2023-11-30 15:30:00-05:00,144.77000427246094,146.8000030517578,144.75999450683594,146.10000610351562,146.10000610351562,9023009
2023-12-01 09:30:00-05:00,146.0,146.89999389648438,145.5500030517578,146.13999938964844,146.13999938964844,8143028
2023-12-01 10:30:00-05:00,146.1199951171875,146.6999969482422,145.6999969482422,146.61000061035156,146.61000061035156,5681087
2023-12-01 11:30:00-05:00,146.61000061035156,146.86500549316406,146.22999572753906,146.7899932861328,146.7899932861328,4132861
2023-12-01 12:30:00-05:00,146.7877960205078,147.10000610351562,146.55999755859375,146.57000732421875,146.57000732421875,3671701
2023-12-01 13:30:00-05:00,146.57000732421875,146.92999267578125,146.22999572753906,146.86000061035156,146.86000061035156,3190377
2023-12-01 14:30:00-05:00,146.86500549316406,147.2449951171875,146.82000732421875,146.9949951171875,146.9949951171875,3443760
2023-12-01 15:30:00-05:00,146.9949951171875,147.07000732421875,146.67999267578125,147.02000427246094,147.02000427246094,4456418
2023-12-04 09:30:00-05:00,145.25,145.35000610351562,143.0500030517578,143.16000366210938,143.16000366210938,13723183
2023-12-04 10:30:00-05:00,143.14999389648438,144.0800018310547,142.80999755859375,144.0399932861328,144.0399932861328,6250442
2023-12-04 11:30:00-05:00,144.0399932861328,145.17999267578125,143.96499633789062,145.0399932861328,145.0399932861328,4544115
2023-12-04 12:30:00-05:00,145.03500366210938,145.27999877929688,144.4499969482422,144.47500610351562,144.47500610351562,3428337
2023-12-04 13:30:00-05:00,144.47000122070312,144.7899932861328,144.1649932861328,144.52499389648438,144.52499389648438,3223568
2023-12-04 14:30:00-05:00,144.52200317382812,144.6199951171875,143.97999572753906,144.47999572753906,144.47999572753906,3755585
2023-12-04 15:30:00-05:00,144.48500061035156,145.1300048828125,144.47999572753906,144.8800048828125,144.8800048828125,4700092
2023-12-05 09:30:00-05:00,143.5500030517578,147.88999938964844,143.1300048828125,147.27000427246094,147.27000427246094,13801677
2023-12-05 10:30:00-05:00,147.27000427246094,148.57000732421875,146.3249969482422,146.35000610351562,146.35000610351562,9620786
2023-12-05 11:30:00-05:00,146.35000610351562,146.7899932861328,145.7899932861328,146.14999389648438,146.14999389648438,4054685
2023-12-05 12:30:00-05:00,146.14999389648438,146.6199951171875,145.67999267578125,146.52999877929688,146.52999877929688,3411575
2023-12-05 13:30:00-05:00,146.53500366210938,147.10000610351562,146.38499450683594,147.04550170898438,147.04550170898438,3159257
2023-12-05 14:30:00-05:00,147.0500030517578,147.24000549316406,146.63999938964844,147.0399932861328,147.0399932861328,3357884
2023-12-05 15:30:00-05:00,147.0500030517578,147.1300048828125,146.67999267578125,146.94000244140625,146.94000244140625,4068721
2023-12-06 09:30:00-05:00,147.5800018310547,147.85000610351562,145.08999633789062,145.2899932861328,145.2899932861328,10481937
2023-12-06 10:30:00-05:00,145.3000030517578,146.1999969482422,145.27999877929688,145.3300018310547,145.3300018310547,4839049
2023-12-06 11:30:00-05:00,145.3300018310547,145.91000366210938,145.02000427246094,145.7523956298828,145.7523956298828,3921736
2023-12-06 12:30:00-05:00,145.75999450683594,146.19000244140625,145.25999450683594,145.60000610351562,145.60000610351562,3338877
2023-12-06 13:30:00-05:00,145.61000061035156,145.89500427246094,145.2899932861328,145.64500427246094,145.64500427246094,2607922
2023-12-06 14:30:00-05:00,145.64999389648438,145.9564971923828,144.8209991455078,144.94000244140625,144.94000244140625,3513916
2023-12-06 15:30:00-05:00,144.94000244140625,145.1300048828125,144.27999877929688,144.52000427246094,144.52000427246094,5545254
2023-12-07 09:30:00-05:00,146.14999389648438,146.91619873046875,145.33999633789062,146.85000610351562,146.85000610351562,13103235
2023-12-07 10:30:00-05:00,146.85000610351562,147.2899932861328,146.25,146.91000366210938,146.91000366210938,5445075
2023-12-07 11:30:00-05:00,146.89999389648438,147.26499938964844,146.85499572753906,147.2550048828125,147.2550048828125,3953723
2023-12-07 12:30:00-05:00,147.2550048828125,147.9199981689453,147.22999572753906,147.38999938964844,147.38999938964844,4587006
2023-12-07 13:30:00-05:00,147.39999389648438,147.5,146.6999969482422,146.99000549316406,146.99000549316406,4022255
2023-12-07 14:30:00-05:00,146.97259521484375,147.02000427246094,145.97999572753906,146.71499633789062,146.71499633789062,4083362
2023-12-07 15:30:00-05:00,146.72000122070312,146.89999389648438,146.4149932861328,146.8699951171875,146.8699951171875,4332516
2023-12-08 09:30:00-05:00,145.89010620117188,147.23500061035156,145.44000244140625,146.85940551757812,146.85940551757812,10894504
2023-12-08 10:30:00-05:00,146.86000061035156,147.0500030517578,146.02999877929688,146.73699951171875,146.73699951171875,4497056
2023-12-08 11:30:00-05:00,146.74879455566406,147.30999755859375,146.4199981689453,147.22500610351562,147.22500610351562,3727786
2023-12-08 12:30:00-05:00,147.22830200195312,147.35499572753906,146.94000244140625,147.2698974609375,147.2698974609375,2411490
2023-12-08 13:30:00-05:00,147.27000427246094,147.6199951171875,147.1300048828125,147.47999572753906,147.47999572753906,3000643
2023-12-08 14:30:00-05:00,147.4875946044922,147.83999633789062,147.44000244140625,147.52499389648438,147.52499389648438,3107700
2023-12-08 15:30:00-05:00,147.52499389648438,147.55999755859375,147.14999389648438,147.41000366210938,147.41000366210938,5231503
2023-12-11 09:30:00-05:00,145.66000366210938,145.71499633789062,143.63999938964844,144.0800018310547,144.0800018310547,14399351
2023-12-11 10:30:00-05:00,144.0800018310547,145.07000732421875,143.92999267578125,144.77000427246094,144.77000427246094,5300932
2023-12-11 11:30:00-05:00,144.77999877929688,145.5,144.55999755859375,145.2100067138672,145.2100067138672,3675404
2023-12-11 12:30:00-05:00,145.22000122070312,146.17999267578125,145.00999450683594,146.1300048828125,146.1300048828125,3653312
2023-12-11 13:30:00-05:00,146.1199951171875,146.19000244140625,145.6999969482422,145.6999969482422,145.6999969482422,2857923
2023-12-11 14:30:00-05:00,145.7050018310547,145.7899932861328,145.21499633789062,145.22369384765625,145.22369384765625,3421554
2023-12-11 15:30:00-05:00,145.22000122070312,146.0399932861328,145.22000122070312,145.88999938964844,145.88999938964844,4617200
2023-12-12 09:30:00-05:00,145.52000427246094,147.11000061035156,145.3000030517578,145.92529296875,145.92529296875,11967740
2023-12-12 10:30:00-05:00,145.94000244140625,146.51499938964844,145.77999877929688,146.1699981689453,146.1699981689453,4177169
2023-12-12 11:30:00-05:00,146.17999267578125,146.63499450683594,146.08999633789062,146.53500366210938,146.53500366210938,3962133
2023-12-12 12:30:00-05:00,146.5487060546875,146.8699951171875,146.46499633789062,146.6999969482422,146.6999969482422,3765775
2023-12-12 13:30:00-05:00,146.6999969482422,147.02999877929688,146.62899780273438,146.889892578125,146.889892578125,3389651
2023-12-12 14:30:00-05:00,146.88999938964844,147.35000610351562,146.82000732421875,147.30499267578125,147.30499267578125,4818232
2023-12-12 15:30:00-05:00,147.30499267578125,147.5,147.17999267578125,147.42999267578125,147.42999267578125,3917037
2023-12-13 09:30:00-05:00,148.31849670410156,149.4600067138672,147.5800018310547,147.9600067138672,147.9600067138672,10947848
2023-12-13 10:30:00-05:00,147.96749877929688,148.11000061035156,147.4499969482422,147.6999969482422,147.6999969482422,4428960
2023-12-13 11:30:00-05:00,147.7100067138672,147.91000366210938,147.22999572753906,147.60499572753906,147.60499572753906,3050116
2023-12-13 12:30:00-05:00,147.60899353027344,147.77000427246094,146.92999267578125,146.947998046875,146.947998046875,3137962
2023-12-13 13:30:00-05:00,146.9499969482422,148.3300018310547,146.82000732421875,148.0399932861328,148.0399932861328,6130901
2023-12-13 14:30:00-05:00,148.03500366210938,149.0500030517578,147.74000549316406,148.22000122070312,148.22000122070312,9433145
2023-12-13 15:30:00-05:00,148.2100067138672,148.83999633789062,148.0500030517578,148.8300018310547,148.8300018310547,5316095
2023-12-14 09:30:00-05:00,149.92999267578125,150.5399932861328,147.50999450683594,148.543701171875,148.543701171875,18410319
2023-12-14 10:30:00-05:00,148.5500030517578,148.60000610351562,147.91000366210938,148.2550048828125,148.2550048828125,5779946
2023-12-14 11:30:00-05:00,148.25,148.32000732421875,147.82000732421875,148.1300048828125,148.1300048828125,3798918
2023-12-14 12:30:00-05:00,148.11000061035156,148.21499633789062,145.52999877929688,146.1300048828125,146.1300048828125,6856478
2023-12-14 13:30:00-05:00,146.1300048828125,147.08999633789062,145.52000427246094,147.03500366210938,147.03500366210938,4592351
2023-12-14 14:30:00-05:00,147.0399932861328,147.61000061035156,146.83999633789062,147.25999450683594,147.25999450683594,4153228
2023-12-14 15:30:00-05:00,147.27000427246094,147.4600067138672,146.97000122070312,147.44000244140625,147.44000244140625,4988578
2023-12-15 09:30:00-05:00,148.3800048828125,149.99000549316406,147.8800048828125,149.9199981689453,149.9199981689453,24911198
2023-12-15 10:30:00-05:00,149.92999267578125,150.00999450683594,149.11019897460938,149.19979858398438,149.19979858398438,5842020
2023-12-15 11:30:00-05:00,149.1999969482422,149.4499969482422,148.7899932861328,149.16000366210938,149.16000366210938,4293842
2023-12-15 12:30:00-05:00,149.1699981689453,149.4250030517578,148.99000549316406,149.375,149.375,5249924
2023-12-15 13:30:00-05:00,149.3800048828125,149.5,148.97999572753906,149.3000030517578,149.3000030517578,4047382
2023-12-15 14:30:00-05:00,149.30999755859375,149.9949951171875,149.22000122070312,149.8632049560547,149.8632049560547,4105198
2023-12-15 15:30:00-05:00,149.86000061035156,150.57000732421875,149.2899932861328,149.6999969482422,149.6999969482422,10203792
2023-12-18 09:30:00-05:00,150.55999755859375,153.3000030517578,150.0500030517578,152.76409912109375,152.76409912109375,16085092
2023-12-18 10:30:00-05:00,152.77000427246094,153.02000427246094,152.07000732421875,152.91000366210938,152.91000366210938,5668477
2023-12-18 11:30:00-05:00,152.9199981689453,153.72979736328125,152.77999877929688,153.4698944091797,153.4698944091797,5423740
2023-12-18 12:30:00-05:00,153.46499633789062,154.30999755859375,153.3699951171875,154.06260681152344,154.06260681152344,5090875
2023-12-18 13:30:00-05:00,154.07000732421875,154.58999633789062,153.8800048828125,154.43499755859375,154.43499755859375,4704968
2023-12-18 14:30:00-05:00,154.44000244140625,154.85499572753906,154.2899932861328,154.8249969482422,154.8249969482422,5049148
2023-12-18 15:30:00-05:00,154.8249969482422,154.83999633789062,153.97500610351562,154.07000732421875,154.07000732421875,5210039
2023-12-19 09:30:00-05:00,154.39999389648438,155.1199951171875,152.69000244140625,153.82000732421875,153.82000732421875,12558704
2023-12-19 10:30:00-05:00,153.82000732421875,154.3800048828125,153.39999389648438,153.5749969482422,153.5749969482422,5872635
2023-12-19 11:30:00-05:00,153.5749969482422,153.89999389648438,153.5,153.68380737304688,153.68380737304688,2920548
2023-12-19 12:30:00-05:00,153.6699981689453,153.80999755859375,153.36000061035156,153.42999267578125,153.42999267578125,3110829
2023-12-19 13:30:00-05:00,153.44000244140625,153.63999938964844,153.24000549316406,153.57000732421875,153.57000732421875,3178869
2023-12-19 14:30:00-05:00,153.5800018310547,153.7100067138672,153.35000610351562,153.3699951171875,153.3699951171875,3153477
2023-12-19 15:30:00-05:00,153.36500549316406,153.77000427246094,153.3249969482422,153.77000427246094,153.77000427246094,3937641
2023-12-20 09:30:00-05:00,152.89999389648438,155.44000244140625,152.82000732421875,155.22779846191406,155.22779846191406,11493672
2023-12-20 10:30:00-05:00,155.22999572753906,155.6300048828125,154.52999877929688,154.6699981689453,154.6699981689453,6208754
2023-12-20 11:30:00-05:00,154.6699981689453,154.7899932861328,154.1300048828125,154.22500610351562,154.22500610351562,3347851
2023-12-20 12:30:00-05:00,154.22500610351562,155.27999877929688,153.99000549316406,155.21009826660156,155.21009826660156,3660131
2023-12-20 13:30:00-05:00,155.2050018310547,155.36990356445312,154.49000549316406,154.50999450683594,154.50999450683594,3531010
2023-12-20 14:30:00-05:00,154.52000427246094,154.5699005126953,151.55999755859375,152.13999938964844,152.13999938964844,9022537
2023-12-20 15:30:00-05:00,152.13999938964844,152.7100067138672,152.0500030517578,152.0500030517578,152.0500030517578,4865286
2023-12-21 09:30:00-05:00,153.3000030517578,153.63999938964844,152.10000610351562,152.97000122070312,152.97000122070312,11701720
2023-12-21 10:30:00-05:00,152.97000122070312,153.21170043945312,152.55499267578125,152.8000030517578,152.8000030517578,4004792
2023-12-21 11:30:00-05:00,152.8000030517578,153.10000610351562,152.35499572753906,152.4550018310547,152.4550018310547,3308493
2023-12-21 12:30:00-05:00,152.4600067138672,152.8800048828125,152.2100067138672,152.75,152.75,2764724
2023-12-21 13:30:00-05:00,152.75999450683594,153.24000549316406,152.7100067138672,153.052001953125,153.052001953125,2800404
2023-12-21 14:30:00-05:00,153.0500030517578,153.52499389648438,152.89999389648438,153.50999450683594,153.50999450683594,3475938
2023-12-21 15:30:00-05:00,153.5,153.97000122070312,153.3800048828125,153.8300018310547,153.8300018310547,3323645
2023-12-22 09:30:00-05:00,153.77000427246094,154.35000610351562,153.47000122070312,153.61500549316406,153.61500549316406,6541289
2023-12-22 10:30:00-05:00,153.61500549316406,153.6802978515625,153.2100067138672,153.46839904785156,153.46839904785156,3787557
2023-12-22 11:30:00-05:00,153.46499633789062,153.7100067138672,153.32000732421875,153.51499938964844,153.51499938964844,3530394
2023-12-22 12:30:00-05:00,153.50979614257812,153.8083038330078,153.49000549316406,153.6300048828125,153.6300048828125,2006622
2023-12-22 13:30:00-05:00,153.62759399414062,153.88999938964844,152.8300018310547,152.88999938964844,152.88999938964844,2963021
2023-12-22 14:30:00-05:00,152.88999938964844,153.6699981689453,152.7100067138672,153.58140563964844,153.58140563964844,2914995
2023-12-22 15:30:00-05:00,153.5800018310547,153.58999633789062,153.1999969482422,153.44500732421875,153.44500732421875,3141284
2023-12-26 09:30:00-05:00,153.55999755859375,153.97500610351562,153.1699981689453,153.3699951171875,153.3699951171875,5648170
2023-12-26 10:30:00-05:00,153.3800048828125,153.77999877929688,153.3800048828125,153.4730987548828,153.4730987548828,2679538
2023-12-26 11:30:00-05:00,153.47500610351562,153.5399932861328,153.1999969482422,153.24000549316406,153.24000549316406,2484278
2023-12-26 12:30:00-05:00,153.25,153.38999938964844,153.1300048828125,153.18499755859375,153.18499755859375,2000728
2023-12-26 13:30:00-05:00,153.18499755859375,153.41000366210938,153.02999877929688,153.2550048828125,153.2550048828125,2652529
2023-12-26 14:30:00-05:00,153.25999450683594,153.5500030517578,153.1300048828125,153.4949951171875,153.4949951171875,3219791
2023-12-26 15:30:00-05:00,153.5,153.60499572753906,153.27499389648438,153.44000244140625,153.44000244140625,2980575
2023-12-27 09:30:00-05:00,153.55999755859375,154.77999877929688,153.38999938964844,153.9199981689453,153.9199981689453,7688679
2023-12-27 10:30:00-05:00,153.91189575195312,153.9499969482422,153.4600067138672,153.56500244140625,153.56500244140625,3458773
2023-12-27 11:30:00-05:00,153.56500244140625,153.6699981689453,153.25,153.59500122070312,153.59500122070312,3634630
2023-12-27 12:30:00-05:00,153.6092071533203,153.9600067138672,153.4600067138672,153.73500061035156,153.73500061035156,2755378
2023-12-27 13:30:00-05:00,153.74000549316406,153.88999938964844,153.1699981689453,153.460205078125,153.460205078125,3065188
2023-12-27 14:30:00-05:00,153.47000122070312,153.6999969482422,153.3300018310547,153.39500427246094,153.39500427246094,2486552
2023-12-27 15:30:00-05:00,153.39500427246094,153.5,153.1199951171875,153.38999938964844,153.38999938964844,3487061
2023-12-28 09:30:00-05:00,153.72000122070312,154.0800018310547,152.9499969482422,153.47500610351562,153.47500610351562,6219403
2023-12-28 10:30:00-05:00,153.4779052734375,153.9158935546875,153.27000427246094,153.35000610351562,153.35000610351562,3700146
2023-12-28 11:30:00-05:00,153.36000061035156,153.52499389648438,153.1750030517578,153.42999267578125,153.42999267578125,2473101
2023-12-28 12:30:00-05:00,153.43499755859375,153.86000061035156,153.4250030517578,153.77020263671875,153.77020263671875,2450898
2023-12-28 13:30:00-05:00,153.75999450683594,154.02000427246094,153.74000549316406,153.93170166015625,153.93170166015625,2531867
2023-12-28 14:30:00-05:00,153.93760681152344,154.0,153.52000427246094,153.5782012939453,153.5782012939453,2594628
2023-12-28 15:30:00-05:00,153.57000732421875,153.67709350585938,153.22000122070312,153.35000610351562,153.35000610351562,3807082
2023-12-29 09:30:00-05:00,153.10000610351562,153.88999938964844,152.64999389648438,153.78500366210938,153.78500366210938,6846732
2023-12-29 10:30:00-05:00,153.7899932861328,153.7899932861328,151.44000244140625,151.5500030517578,151.5500030517578,5791711
2023-12-29 11:30:00-05:00,151.5500030517578,152.1199951171875,151.02999877929688,151.5240936279297,151.5240936279297,4300997
2023-12-29 12:30:00-05:00,151.52499389648438,152.60000610351562,151.5,152.28439331054688,152.28439331054688,3020239
2023-12-29 13:30:00-05:00,152.29559326171875,152.47000122070312,152.24000549316406,152.360107421875,152.360107421875,519309
